,img_path,label,type,pred,error
0,train_data/1.png,3,1,3,0
1,train_data/2.png,7,3,5,2
2,train_data/3.png,9,2,9,0
3,train_data/4.png,9,1,6,3
4,train_data/5.png,10,1,10,0
5,train_data/6.png,8,3,8,0
6,train_data/7.png,2,3,2,0
7,train_data/8.png,6,2,5,1
8,train_data/9.png,10,2,9,1
9,train_data/10.png,4,3,4,0
10,train_data/11.png,8,3,6,2
11,train_data/12.png,2,2,3,-1
12,train_data/13.png,5,2,5,0
13,train_data/14.png,9,2,9,0
14,train_data/15.png,0,3,0,0
15,train_data/16.png,4,2,4,0
16,train_data/17.png,3,2,3,0
17,train_data/18.png,9,1,9,0
18,train_data/19.png,4,3,4,0
19,train_data/20.png,5,3,5,0
20,train_data/21.png,7,2,7,0
21,train_data/22.png,6,2,6,0
22,train_data/23.png,3,3,3,0
23,train_data/24.png,5,1,5,0
24,train_data/25.png,10,2,9,1
25,train_data/26.png,4,3,3,1
26,train_data/27.png,1,1,1,0
27,train_data/28.png,3,2,3,0
28,train_data/29.png,3,3,0,3
29,train_data/30.png,0,3,1,-1
30,train_data/31.png,2,3,2,0
31,train_data/32.png,10,2,9,1
32,train_data/33.png,6,1,5,1
33,train_data/34.png,7,1,7,0
34,train_data/35.png,2,3,2,0
35,train_data/36.png,3,3,2,1
36,train_data/37.png,9,2,8,1
37,train_data/38.png,3,2,3,0
38,train_data/39.png,9,2,9,0
39,train_data/40.png,2,2,2,0
40,train_data/41.png,6,1,5,1
41,train_data/42.png,5,3,5,0
42,train_data/43.png,2,2,2,0
43,train_data/44.png,0,2,1,-1
44,train_data/45.png,8,2,7,1
45,train_data/46.png,10,2,9,1
46,train_data/47.png,3,3,3,0
47,train_data/48.png,3,2,3,0
48,train_data/49.png,9,3,8,1
49,train_data/50.png,7,2,7,0
50,train_data/51.png,2,2,2,0
51,train_data/52.png,10,2,8,2
52,train_data/53.png,3,2,3,0
53,train_data/54.png,3,1,3,0
54,train_data/55.png,9,3,9,0
55,train_data/56.png,3,1,3,0
56,train_data/57.png,8,3,7,1
57,train_data/58.png,7,2,6,1
58,train_data/59.png,8,3,7,1
59,train_data/60.png,8,2,7,1
60,train_data/61.png,10,3,10,0
61,train_data/62.png,9,2,9,0
62,train_data/63.png,8,3,5,3
63,train_data/64.png,3,1,3,0
64,train_data/65.png,9,2,9,0
65,train_data/66.png,4,3,3,1
66,train_data/67.png,8,3,6,2
67,train_data/68.png,4,3,3,1
68,train_data/69.png,2,1,2,0
69,train_data/70.png,9,2,9,0
70,train_data/71.png,8,3,6,2
71,train_data/72.png,6,1,6,0
72,train_data/73.png,7,1,6,1
73,train_data/74.png,8,1,8,0
74,train_data/75.png,7,3,4,3
75,train_data/76.png,9,3,7,2
76,train_data/77.png,5,1,5,0
77,train_data/78.png,8,2,8,0
78,train_data/79.png,4,1,4,0
79,train_data/80.png,5,1,4,1
80,train_data/81.png,7,2,8,-1
81,train_data/82.png,6,1,5,1
82,train_data/83.png,0,3,0,0
83,train_data/84.png,1,2,1,0
84,train_data/85.png,2,3,1,1
85,train_data/86.png,3,1,3,0
86,train_data/87.png,4,1,4,0
87,train_data/88.png,2,3,1,1
88,train_data/89.png,9,2,7,2
89,train_data/90.png,1,3,0,1
90,train_data/91.png,4,2,4,0
91,train_data/92.png,8,3,4,4
92,train_data/93.png,0,2,0,0
93,train_data/94.png,6,2,6,0
94,train_data/95.png,6,1,6,0
95,train_data/96.png,7,3,7,0
96,train_data/97.png,1,1,1,0
97,train_data/98.png,5,2,5,0
98,train_data/99.png,3,3,2,1
99,train_data/100.png,7,2,6,1
100,train_data/101.png,1,1,1,0
101,train_data/102.png,1,2,1,0
102,train_data/103.png,9,1,9,0
103,train_data/104.png,6,1,6,0
104,train_data/105.png,5,1,5,0
105,train_data/106.png,8,1,8,0
106,train_data/107.png,9,3,7,2
107,train_data/108.png,1,2,1,0
108,train_data/109.png,5,2,5,0
109,train_data/110.png,2,1,2,0
110,train_data/111.png,10,1,7,3
111,train_data/112.png,4,1,4,0
112,train_data/113.png,6,1,6,0
113,train_data/114.png,4,1,4,0
114,train_data/115.png,6,1,6,0
115,train_data/116.png,6,1,6,0
116,train_data/117.png,2,3,2,0
117,train_data/118.png,3,3,2,1
118,train_data/119.png,3,2,3,0
119,train_data/120.png,8,1,7,1
120,train_data/121.png,5,2,4,1
121,train_data/122.png,4,1,4,0
122,train_data/123.png,5,1,4,1
123,train_data/124.png,5,2,5,0
124,train_data/125.png,5,2,5,0
125,train_data/126.png,0,3,0,0
126,train_data/127.png,4,3,2,2
127,train_data/128.png,4,2,4,0
128,train_data/129.png,0,3,0,0
129,train_data/130.png,3,2,3,0
130,train_data/131.png,2,1,1,1
131,train_data/132.png,0,2,0,0
132,train_data/133.png,3,2,3,0
133,train_data/134.png,4,3,4,0
134,train_data/135.png,9,3,8,1
135,train_data/136.png,2,3,2,0
136,train_data/137.png,2,2,2,0
137,train_data/138.png,8,2,8,0
138,train_data/139.png,1,2,1,0
139,train_data/140.png,10,1,10,0
140,train_data/141.png,10,1,9,1
141,train_data/142.png,7,2,7,0
142,train_data/143.png,4,2,3,1
143,train_data/144.png,3,2,3,0
144,train_data/145.png,4,1,4,0
145,train_data/146.png,0,2,0,0
146,train_data/147.png,1,1,1,0
147,train_data/148.png,8,3,5,3
148,train_data/149.png,3,3,2,1
149,train_data/150.png,3,2,3,0
150,train_data/151.png,7,3,6,1
151,train_data/152.png,5,1,5,0
152,train_data/153.png,6,2,6,0
153,train_data/154.png,2,1,2,0
154,train_data/155.png,3,2,2,1
155,train_data/156.png,2,3,2,0
156,train_data/157.png,8,1,8,0
157,train_data/158.png,6,2,6,0
158,train_data/159.png,3,2,3,0
159,train_data/160.png,7,2,6,1
160,train_data/161.png,3,2,3,0
161,train_data/162.png,9,1,9,0
162,train_data/163.png,3,2,3,0
163,train_data/164.png,2,3,0,2
164,train_data/165.png,6,3,3,3
165,train_data/166.png,10,1,9,1
166,train_data/167.png,10,2,9,1
167,train_data/168.png,5,1,5,0
168,train_data/169.png,8,2,8,0
169,train_data/170.png,2,1,2,0
170,train_data/171.png,8,1,8,0
171,train_data/172.png,5,2,5,0
172,train_data/173.png,4,3,4,0
173,train_data/174.png,2,3,2,0
174,train_data/175.png,3,3,2,1
175,train_data/176.png,10,3,9,1
176,train_data/177.png,6,2,6,0
177,train_data/178.png,1,2,1,0
178,train_data/179.png,5,2,6,-1
179,train_data/180.png,3,2,2,1
180,train_data/181.png,2,3,1,1
181,train_data/182.png,4,3,3,1
182,train_data/183.png,7,2,7,0
183,train_data/184.png,7,2,7,0
184,train_data/185.png,6,1,6,0
185,train_data/186.png,5,1,5,0
186,train_data/187.png,5,1,5,0
187,train_data/188.png,5,3,5,0
188,train_data/189.png,10,3,8,2
189,train_data/190.png,4,3,3,1
190,train_data/191.png,4,2,3,1
191,train_data/192.png,1,3,0,1
192,train_data/193.png,2,2,2,0
193,train_data/194.png,2,1,2,0
194,train_data/195.png,4,2,4,0
195,train_data/196.png,9,3,8,1
196,train_data/197.png,1,2,1,0
197,train_data/198.png,5,3,3,2
198,train_data/199.png,5,3,4,1
199,train_data/200.png,4,1,4,0
200,train_data/201.png,7,1,7,0
201,train_data/202.png,4,1,4,0
202,train_data/203.png,1,3,1,0
203,train_data/204.png,1,1,1,0
204,train_data/205.png,3,1,3,0
205,train_data/206.png,8,2,7,1
206,train_data/207.png,10,1,10,0
207,train_data/208.png,0,3,0,0
208,train_data/209.png,6,1,5,1
209,train_data/210.png,2,3,1,1
210,train_data/211.png,2,3,1,1
211,train_data/212.png,1,1,1,0
212,train_data/213.png,4,1,4,0
213,train_data/214.png,9,2,9,0
214,train_data/215.png,3,2,3,0
215,train_data/216.png,8,1,7,1
216,train_data/217.png,10,2,9,1
217,train_data/218.png,4,2,4,0
218,train_data/219.png,3,1,3,0
219,train_data/220.png,10,3,8,2
220,train_data/221.png,9,1,9,0
221,train_data/222.png,9,2,8,1
222,train_data/223.png,2,2,2,0
223,train_data/224.png,8,1,8,0
224,train_data/225.png,5,1,5,0
225,train_data/226.png,5,1,4,1
226,train_data/227.png,10,1,9,1
227,train_data/228.png,8,3,5,3
228,train_data/229.png,3,1,3,0
229,train_data/230.png,4,2,4,0
230,train_data/231.png,5,2,5,0
231,train_data/232.png,10,2,9,1
232,train_data/233.png,2,3,2,0
233,train_data/234.png,1,3,1,0
234,train_data/235.png,5,3,4,1
235,train_data/236.png,5,3,4,1
236,train_data/237.png,7,2,6,1
237,train_data/238.png,5,2,5,0
238,train_data/239.png,1,3,1,0
239,train_data/240.png,1,1,1,0
240,train_data/241.png,7,3,6,1
241,train_data/242.png,1,2,1,0
242,train_data/243.png,10,1,10,0
243,train_data/244.png,9,1,9,0
244,train_data/245.png,6,3,4,2
245,train_data/246.png,7,3,5,2
246,train_data/247.png,7,2,6,1
247,train_data/248.png,4,1,4,0
248,train_data/249.png,3,3,2,1
249,train_data/250.png,9,2,9,0
250,train_data/251.png,0,2,0,0
251,train_data/252.png,2,3,2,0
252,train_data/253.png,6,1,5,1
253,train_data/254.png,9,1,9,0
254,train_data/255.png,1,1,1,0
255,train_data/256.png,9,3,9,0
256,train_data/257.png,1,1,1,0
257,train_data/258.png,6,1,6,0
258,train_data/259.png,7,3,4,3
259,train_data/260.png,4,3,4,0
260,train_data/261.png,1,3,1,0
261,train_data/262.png,10,2,10,0
262,train_data/263.png,1,1,1,0
263,train_data/264.png,8,1,8,0
264,train_data/265.png,2,3,0,2
265,train_data/266.png,1,2,1,0
266,train_data/267.png,0,2,0,0
267,train_data/268.png,7,1,7,0
268,train_data/269.png,8,1,7,1
269,train_data/270.png,9,3,8,1
270,train_data/271.png,3,2,3,0
271,train_data/272.png,5,2,5,0
272,train_data/273.png,4,1,4,0
273,train_data/274.png,8,1,8,0
274,train_data/275.png,2,3,2,0
275,train_data/276.png,4,2,4,0
276,train_data/277.png,9,3,7,2
277,train_data/278.png,8,2,8,0
278,train_data/279.png,6,2,5,1
279,train_data/280.png,1,1,1,0
280,train_data/281.png,1,1,1,0
281,train_data/282.png,6,2,5,1
282,train_data/283.png,4,3,4,0
283,train_data/284.png,8,2,8,0
284,train_data/285.png,5,1,5,0
285,train_data/286.png,2,3,2,0
286,train_data/287.png,9,2,8,1
287,train_data/288.png,9,2,8,1
288,train_data/289.png,6,3,5,1
289,train_data/290.png,3,2,3,0
290,train_data/291.png,0,2,0,0
291,train_data/292.png,9,1,9,0
292,train_data/293.png,3,1,3,0
293,train_data/294.png,9,3,7,2
294,train_data/295.png,5,1,5,0
295,train_data/296.png,8,2,7,1
296,train_data/297.png,10,2,10,0
297,train_data/298.png,0,2,0,0
298,train_data/299.png,2,1,2,0
299,train_data/300.png,5,3,2,3
300,train_data/301.png,1,1,1,0
301,train_data/302.png,6,3,5,1
302,train_data/303.png,6,3,7,-1
303,train_data/304.png,5,2,5,0
304,train_data/305.png,9,2,8,1
305,train_data/306.png,7,3,3,4
306,train_data/307.png,9,3,8,1
307,train_data/308.png,10,1,9,1
308,train_data/309.png,5,3,5,0
309,train_data/310.png,7,1,7,0
310,train_data/311.png,4,3,3,1
311,train_data/312.png,0,3,0,0
312,train_data/313.png,10,1,10,0
313,train_data/314.png,9,1,6,3
314,train_data/315.png,8,1,8,0
315,train_data/316.png,9,3,8,1
316,train_data/317.png,4,2,4,0
317,train_data/318.png,6,1,6,0
318,train_data/319.png,2,1,2,0
319,train_data/320.png,3,1,3,0
320,train_data/321.png,8,1,8,0
321,train_data/322.png,10,3,7,3
322,train_data/323.png,4,3,3,1
323,train_data/324.png,4,2,3,1
324,train_data/325.png,7,2,7,0
325,train_data/326.png,7,1,7,0
326,train_data/327.png,9,3,6,3
327,train_data/328.png,4,2,4,0
328,train_data/329.png,1,1,1,0
329,train_data/330.png,3,1,3,0
330,train_data/331.png,4,3,4,0
331,train_data/332.png,8,1,6,2
332,train_data/333.png,5,3,3,2
333,train_data/334.png,10,1,10,0
334,train_data/335.png,10,1,9,1
335,train_data/336.png,10,1,9,1
336,train_data/337.png,4,3,2,2
337,train_data/338.png,10,2,10,0
338,train_data/339.png,6,1,6,0
339,train_data/340.png,2,1,2,0
340,train_data/341.png,3,1,3,0
341,train_data/342.png,7,3,7,0
342,train_data/343.png,6,3,7,-1
343,train_data/344.png,8,1,8,0
344,train_data/345.png,2,3,1,1
345,train_data/346.png,3,2,3,0
346,train_data/347.png,6,2,5,1
347,train_data/348.png,6,3,3,3
348,train_data/349.png,7,3,7,0
349,train_data/350.png,6,2,5,1
350,train_data/351.png,4,3,5,-1
351,train_data/352.png,8,3,9,-1
352,train_data/353.png,7,3,6,1
353,train_data/354.png,3,3,2,1
354,train_data/355.png,10,1,9,1
355,train_data/356.png,8,3,6,2
356,train_data/357.png,6,3,4,2
357,train_data/358.png,5,2,5,0
358,train_data/359.png,8,2,7,1
359,train_data/360.png,6,1,5,1
360,train_data/361.png,9,3,9,0
361,train_data/362.png,7,2,6,1
362,train_data/363.png,9,2,9,0
363,train_data/364.png,2,3,2,0
364,train_data/365.png,6,1,6,0
365,train_data/366.png,2,2,2,0
366,train_data/367.png,2,2,2,0
367,train_data/368.png,2,2,2,0
368,train_data/369.png,6,3,4,2
369,train_data/370.png,1,2,1,0
370,train_data/371.png,2,1,2,0
371,train_data/372.png,7,1,7,0
372,train_data/373.png,3,1,3,0
373,train_data/374.png,6,3,5,1
374,train_data/375.png,4,2,4,0
375,train_data/376.png,10,1,10,0
376,train_data/377.png,1,1,1,0
377,train_data/378.png,1,1,1,0
378,train_data/379.png,2,1,2,0
379,train_data/380.png,9,3,7,2
380,train_data/381.png,4,1,4,0
381,train_data/382.png,6,1,6,0
382,train_data/383.png,1,3,0,1
383,train_data/384.png,6,1,6,0
384,train_data/385.png,4,2,4,0
385,train_data/386.png,4,3,2,2
386,train_data/387.png,3,2,3,0
387,train_data/388.png,3,2,3,0
388,train_data/389.png,3,1,3,0
389,train_data/390.png,3,3,2,1
390,train_data/391.png,5,3,3,2
391,train_data/392.png,3,1,3,0
392,train_data/393.png,2,3,2,0
393,train_data/394.png,6,1,6,0
394,train_data/395.png,2,2,2,0
395,train_data/396.png,3,3,3,0
396,train_data/397.png,1,3,1,0
397,train_data/398.png,3,2,3,0
398,train_data/399.png,4,2,4,0
399,train_data/400.png,0,2,0,0
400,train_data/401.png,8,3,6,2
401,train_data/402.png,7,3,7,0
402,train_data/403.png,6,3,3,3
403,train_data/404.png,10,2,9,1
404,train_data/405.png,10,2,10,0
405,train_data/406.png,8,1,7,1
406,train_data/407.png,5,3,3,2
407,train_data/408.png,6,3,5,1
408,train_data/409.png,6,2,6,0
409,train_data/410.png,5,1,4,1
410,train_data/411.png,8,2,8,0
411,train_data/412.png,2,3,2,0
412,train_data/413.png,3,2,2,1
413,train_data/414.png,7,3,4,3
414,train_data/415.png,3,1,3,0
415,train_data/416.png,4,3,2,2
416,train_data/417.png,9,1,9,0
417,train_data/418.png,9,1,9,0
418,train_data/419.png,5,1,5,0
419,train_data/420.png,2,1,2,0
420,train_data/421.png,2,1,2,0
421,train_data/422.png,8,1,8,0
422,train_data/423.png,10,1,8,2
423,train_data/424.png,5,1,5,0
424,train_data/425.png,6,2,6,0
425,train_data/426.png,4,1,4,0
426,train_data/427.png,9,2,9,0
427,train_data/428.png,4,1,4,0
428,train_data/429.png,10,2,9,1
429,train_data/430.png,5,1,4,1
430,train_data/431.png,6,3,5,1
431,train_data/432.png,0,2,0,0
432,train_data/433.png,6,3,5,1
433,train_data/434.png,6,3,4,2
434,train_data/435.png,1,2,1,0
435,train_data/436.png,2,3,1,1
436,train_data/437.png,6,3,2,4
437,train_data/438.png,9,1,7,2
438,train_data/439.png,7,1,7,0
439,train_data/440.png,10,3,10,0
440,train_data/441.png,9,3,8,1
441,train_data/442.png,8,2,6,2
442,train_data/443.png,9,3,9,0
443,train_data/444.png,2,2,1,1
444,train_data/445.png,2,3,0,2
445,train_data/446.png,2,2,2,0
446,train_data/447.png,9,1,9,0
447,train_data/448.png,2,3,1,1
448,train_data/449.png,5,2,5,0
449,train_data/450.png,4,1,4,0
450,train_data/451.png,10,3,6,4
451,train_data/452.png,3,3,2,1
452,train_data/453.png,7,1,6,1
453,train_data/454.png,5,2,4,1
454,train_data/455.png,5,3,5,0
455,train_data/456.png,1,2,1,0
456,train_data/457.png,4,1,3,1
457,train_data/458.png,10,2,10,0
458,train_data/459.png,10,3,5,5
459,train_data/460.png,5,1,5,0
460,train_data/461.png,2,3,1,1
461,train_data/462.png,1,2,1,0
462,train_data/463.png,1,2,1,0
463,train_data/464.png,3,1,3,0
464,train_data/465.png,9,1,8,1
465,train_data/466.png,1,1,1,0
466,train_data/467.png,2,3,2,0
467,train_data/468.png,5,2,5,0
468,train_data/469.png,8,2,7,1
469,train_data/470.png,6,1,6,0
470,train_data/471.png,1,2,1,0
471,train_data/472.png,7,1,7,0
472,train_data/473.png,2,2,2,0
473,train_data/474.png,10,2,10,0
474,train_data/475.png,3,1,3,0
475,train_data/476.png,7,1,6,1
476,train_data/477.png,2,1,2,0
477,train_data/478.png,5,2,5,0
478,train_data/479.png,10,3,9,1
479,train_data/480.png,4,1,4,0
480,train_data/481.png,8,3,7,1
481,train_data/482.png,10,3,10,0
482,train_data/483.png,4,1,4,0
483,train_data/484.png,7,2,7,0
484,train_data/485.png,3,2,3,0
485,train_data/486.png,4,2,4,0
486,train_data/487.png,5,3,3,2
487,train_data/488.png,5,3,2,3
488,train_data/489.png,8,1,9,-1
489,train_data/490.png,5,3,5,0
490,train_data/491.png,2,3,2,0
491,train_data/492.png,2,2,2,0
492,train_data/493.png,9,3,10,-1
493,train_data/494.png,8,1,8,0
494,train_data/495.png,5,2,4,1
495,train_data/496.png,5,3,5,0
496,train_data/497.png,8,2,6,2
497,train_data/498.png,1,3,1,0
498,train_data/499.png,2,2,2,0
499,train_data/500.png,3,2,3,0
500,train_data/501.png,9,3,6,3
501,train_data/502.png,2,2,2,0
502,train_data/503.png,0,2,0,0
503,train_data/504.png,1,3,1,0
504,train_data/505.png,1,3,1,0
505,train_data/506.png,7,2,8,-1
506,train_data/507.png,8,3,7,1
507,train_data/508.png,9,1,9,0
508,train_data/509.png,3,2,3,0
509,train_data/510.png,2,3,1,1
510,train_data/511.png,9,3,7,2
511,train_data/512.png,8,1,8,0
512,train_data/513.png,2,1,2,0
513,train_data/514.png,7,3,6,1
514,train_data/515.png,8,3,8,0
515,train_data/516.png,2,3,2,0
516,train_data/517.png,9,3,9,0
517,train_data/518.png,3,1,3,0
518,train_data/519.png,10,2,7,3
519,train_data/520.png,9,2,9,0
520,train_data/521.png,6,1,6,0
521,train_data/522.png,6,1,6,0
522,train_data/523.png,8,2,6,2
523,train_data/524.png,7,1,7,0
524,train_data/525.png,9,1,9,0
525,train_data/526.png,1,1,1,0
526,train_data/527.png,7,3,8,-1
527,train_data/528.png,7,2,5,2
528,train_data/529.png,6,3,4,2
529,train_data/530.png,7,1,6,1
530,train_data/531.png,5,1,5,0
531,train_data/532.png,6,3,6,0
532,train_data/533.png,2,1,2,0
533,train_data/534.png,8,1,8,0
534,train_data/535.png,8,3,6,2
535,train_data/536.png,6,3,6,0
536,train_data/537.png,5,1,5,0
537,train_data/538.png,0,3,0,0
538,train_data/539.png,5,2,5,0
539,train_data/540.png,5,2,4,1
540,train_data/541.png,2,1,2,0
541,train_data/542.png,6,1,6,0
542,train_data/543.png,2,3,2,0
543,train_data/544.png,2,2,2,0
544,train_data/545.png,3,1,3,0
545,train_data/546.png,4,2,5,-1
546,train_data/547.png,3,1,3,0
547,train_data/548.png,8,3,7,1
548,train_data/549.png,2,1,2,0
549,train_data/550.png,8,1,8,0
550,train_data/551.png,5,2,5,0
551,train_data/552.png,2,3,1,1
552,train_data/553.png,2,2,2,0
553,train_data/554.png,4,3,3,1
554,train_data/555.png,4,1,4,0
555,train_data/556.png,6,2,5,1
556,train_data/557.png,0,2,0,0
557,train_data/558.png,3,1,3,0
558,train_data/559.png,7,1,7,0
559,train_data/560.png,9,1,7,2
560,train_data/561.png,8,3,5,3
561,train_data/562.png,4,2,3,1
562,train_data/563.png,7,1,7,0
563,train_data/564.png,5,3,4,1
564,train_data/565.png,5,3,4,1
565,train_data/566.png,10,1,10,0
566,train_data/567.png,8,2,6,2
567,train_data/568.png,7,2,6,1
568,train_data/569.png,9,1,9,0
569,train_data/570.png,9,2,9,0
570,train_data/571.png,2,2,2,0
571,train_data/572.png,8,2,7,1
572,train_data/573.png,3,1,3,0
573,train_data/574.png,7,3,7,0
574,train_data/575.png,4,3,4,0
575,train_data/576.png,7,3,6,1
576,train_data/577.png,6,3,3,3
577,train_data/578.png,5,2,5,0
578,train_data/579.png,7,2,7,0
579,train_data/580.png,7,2,7,0
580,train_data/581.png,6,3,5,1
581,train_data/582.png,9,2,8,1
582,train_data/583.png,3,1,3,0
583,train_data/584.png,7,3,6,1
584,train_data/585.png,1,2,1,0
585,train_data/586.png,6,2,5,1
586,train_data/587.png,2,2,2,0
587,train_data/588.png,5,3,4,1
588,train_data/589.png,1,3,1,0
589,train_data/590.png,5,2,5,0
590,train_data/591.png,9,1,9,0
591,train_data/592.png,7,1,7,0
592,train_data/593.png,3,2,2,1
593,train_data/594.png,7,2,7,0
594,train_data/595.png,5,3,2,3
595,train_data/596.png,2,2,2,0
596,train_data/597.png,5,1,4,1
597,train_data/598.png,1,3,1,0
598,train_data/599.png,5,2,2,3
599,train_data/600.png,5,2,4,1
600,train_data/601.png,6,2,6,0
601,train_data/602.png,1,1,1,0
602,train_data/603.png,8,3,5,3
603,train_data/604.png,6,3,5,1
604,train_data/605.png,5,3,4,1
605,train_data/606.png,3,2,3,0
606,train_data/607.png,3,3,3,0
607,train_data/608.png,3,2,3,0
608,train_data/609.png,3,1,3,0
609,train_data/610.png,4,2,4,0
610,train_data/611.png,6,1,6,0
611,train_data/612.png,10,1,9,1
612,train_data/613.png,4,3,3,1
613,train_data/614.png,1,1,1,0
614,train_data/615.png,3,1,3,0
615,train_data/616.png,6,2,6,0
616,train_data/617.png,8,1,8,0
617,train_data/618.png,6,2,6,0
618,train_data/619.png,3,2,3,0
619,train_data/620.png,9,3,9,0
620,train_data/621.png,6,2,6,0
621,train_data/622.png,4,2,4,0
622,train_data/623.png,3,1,2,1
623,train_data/624.png,1,1,1,0
624,train_data/625.png,10,1,10,0
625,train_data/626.png,1,1,1,0
626,train_data/627.png,2,1,2,0
627,train_data/628.png,7,3,7,0
628,train_data/629.png,2,3,1,1
629,train_data/630.png,4,1,5,-1
630,train_data/631.png,7,1,7,0
631,train_data/632.png,3,1,3,0
632,train_data/633.png,8,3,8,0
633,train_data/634.png,4,3,4,0
634,train_data/635.png,9,2,9,0
635,train_data/636.png,3,3,3,0
636,train_data/637.png,10,3,9,1
637,train_data/638.png,6,1,6,0
638,train_data/639.png,9,2,9,0
639,train_data/640.png,10,1,10,0
640,train_data/641.png,10,3,8,2
641,train_data/642.png,1,1,1,0
642,train_data/643.png,10,3,7,3
643,train_data/644.png,6,1,5,1
644,train_data/645.png,6,2,5,1
645,train_data/646.png,5,2,5,0
646,train_data/647.png,5,3,4,1
647,train_data/648.png,8,1,7,1
648,train_data/649.png,5,2,5,0
649,train_data/650.png,10,2,8,2
650,train_data/651.png,2,1,2,0
651,train_data/652.png,5,3,4,1
652,train_data/653.png,1,2,1,0
653,train_data/654.png,6,2,6,0
654,train_data/655.png,1,2,1,0
655,train_data/656.png,9,2,9,0
656,train_data/657.png,2,2,2,0
657,train_data/658.png,4,1,4,0
658,train_data/659.png,10,1,10,0
659,train_data/660.png,7,2,7,0
660,train_data/661.png,4,3,3,1
661,train_data/662.png,1,3,1,0
662,train_data/663.png,1,1,1,0
663,train_data/664.png,6,2,6,0
664,train_data/665.png,3,1,3,0
665,train_data/666.png,3,3,3,0
666,train_data/667.png,0,2,0,0
667,train_data/668.png,6,2,6,0
668,train_data/669.png,7,1,7,0
669,train_data/670.png,6,1,6,0
670,train_data/671.png,3,2,3,0
671,train_data/672.png,2,1,2,0
672,train_data/673.png,7,1,7,0
673,train_data/674.png,2,2,1,1
674,train_data/675.png,5,3,4,1
675,train_data/676.png,7,2,6,1
676,train_data/677.png,1,1,1,0
677,train_data/678.png,9,1,9,0
678,train_data/679.png,4,3,4,0
679,train_data/680.png,4,1,4,0
680,train_data/681.png,10,2,10,0
681,train_data/682.png,9,3,9,0
682,train_data/683.png,4,3,4,0
683,train_data/684.png,7,2,7,0
684,train_data/685.png,4,2,4,0
685,train_data/686.png,6,3,4,2
686,train_data/687.png,4,2,5,-1
687,train_data/688.png,9,1,8,1
688,train_data/689.png,1,2,1,0
689,train_data/690.png,9,1,8,1
690,train_data/691.png,0,3,0,0
691,train_data/692.png,4,2,4,0
692,train_data/693.png,6,3,4,2
693,train_data/694.png,9,2,9,0
694,train_data/695.png,5,1,5,0
695,train_data/696.png,7,1,7,0
696,train_data/697.png,3,1,3,0
697,train_data/698.png,2,1,2,0
698,train_data/699.png,1,2,1,0
699,train_data/700.png,7,2,7,0
700,train_data/701.png,5,2,5,0
701,train_data/702.png,5,2,5,0
702,train_data/703.png,6,1,6,0
703,train_data/704.png,6,1,6,0
704,train_data/705.png,8,1,7,1
705,train_data/706.png,3,3,3,0
706,train_data/707.png,6,1,5,1
707,train_data/708.png,9,3,8,1
708,train_data/709.png,6,2,6,0
709,train_data/710.png,9,2,9,0
710,train_data/711.png,5,1,5,0
711,train_data/712.png,8,1,8,0
712,train_data/713.png,1,2,1,0
713,train_data/714.png,9,3,9,0
714,train_data/715.png,2,1,2,0
715,train_data/716.png,2,2,2,0
716,train_data/717.png,2,1,2,0
717,train_data/718.png,3,3,3,0
718,train_data/719.png,5,3,4,1
719,train_data/720.png,3,3,2,1
720,train_data/721.png,6,1,6,0
721,train_data/722.png,9,3,8,1
722,train_data/723.png,1,2,1,0
723,train_data/724.png,2,3,2,0
724,train_data/725.png,8,2,8,0
725,train_data/726.png,1,2,2,-1
726,train_data/727.png,9,2,6,3
727,train_data/728.png,7,3,6,1
728,train_data/729.png,9,2,9,0
729,train_data/730.png,7,2,7,0
730,train_data/731.png,8,3,9,-1
731,train_data/732.png,7,3,4,3
732,train_data/733.png,2,2,2,0
733,train_data/734.png,5,2,5,0
734,train_data/735.png,5,3,4,1
735,train_data/736.png,10,1,10,0
736,train_data/737.png,8,1,6,2
737,train_data/738.png,0,3,0,0
738,train_data/739.png,6,1,6,0
739,train_data/740.png,3,3,3,0
740,train_data/741.png,9,1,7,2
741,train_data/742.png,5,1,4,1
742,train_data/743.png,10,1,10,0
743,train_data/744.png,2,1,2,0
744,train_data/745.png,2,1,1,1
745,train_data/746.png,8,2,7,1
746,train_data/747.png,4,3,3,1
747,train_data/748.png,7,3,7,0
748,train_data/749.png,1,3,1,0
749,train_data/750.png,3,3,3,0
750,train_data/751.png,7,3,4,3
751,train_data/752.png,1,1,1,0
752,train_data/753.png,8,1,8,0
753,train_data/754.png,10,3,10,0
754,train_data/755.png,6,1,6,0
755,train_data/756.png,3,3,2,1
756,train_data/757.png,4,2,4,0
757,train_data/758.png,9,1,9,0
758,train_data/759.png,6,1,6,0
759,train_data/760.png,1,2,1,0
760,train_data/761.png,9,1,8,1
761,train_data/762.png,4,1,4,0
762,train_data/763.png,8,3,8,0
763,train_data/764.png,1,3,1,0
764,train_data/765.png,7,1,6,1
765,train_data/766.png,4,1,4,0
766,train_data/767.png,4,1,4,0
767,train_data/768.png,5,3,3,2
768,train_data/769.png,8,2,8,0
769,train_data/770.png,5,1,3,2
770,train_data/771.png,2,3,2,0
771,train_data/772.png,5,2,4,1
772,train_data/773.png,9,3,5,4
773,train_data/774.png,2,3,1,1
774,train_data/775.png,6,2,5,1
775,train_data/776.png,0,2,0,0
776,train_data/777.png,9,1,9,0
777,train_data/778.png,2,1,2,0
778,train_data/779.png,8,2,8,0
779,train_data/780.png,9,3,6,3
780,train_data/781.png,6,1,6,0
781,train_data/782.png,8,1,8,0
782,train_data/783.png,9,3,9,0
783,train_data/784.png,10,1,10,0
784,train_data/785.png,6,1,6,0
785,train_data/786.png,4,2,4,0
786,train_data/787.png,3,3,2,1
787,train_data/788.png,1,2,1,0
788,train_data/789.png,3,3,3,0
789,train_data/790.png,10,1,10,0
790,train_data/791.png,4,1,4,0
791,train_data/792.png,4,2,4,0
792,train_data/793.png,6,2,6,0
793,train_data/794.png,4,1,4,0
794,train_data/795.png,10,3,10,0
795,train_data/796.png,2,3,1,1
796,train_data/797.png,5,1,3,2
797,train_data/798.png,6,2,6,0
798,train_data/799.png,2,1,2,0
799,train_data/800.png,5,1,4,1
800,train_data/801.png,6,2,5,1
801,train_data/802.png,7,1,5,2
802,train_data/803.png,7,1,5,2
803,train_data/804.png,6,1,6,0
804,train_data/805.png,10,1,9,1
805,train_data/806.png,4,1,4,0
806,train_data/807.png,0,3,0,0
807,train_data/808.png,4,1,4,0
808,train_data/809.png,4,1,4,0
809,train_data/810.png,2,3,1,1
810,train_data/811.png,2,3,1,1
811,train_data/812.png,1,1,1,0
812,train_data/813.png,10,2,9,1
813,train_data/814.png,1,1,1,0
814,train_data/815.png,7,3,7,0
815,train_data/816.png,4,2,3,1
816,train_data/817.png,7,3,5,2
817,train_data/818.png,9,3,6,3
818,train_data/819.png,9,2,8,1
819,train_data/820.png,2,1,2,0
820,train_data/821.png,6,2,6,0
821,train_data/822.png,3,2,3,0
822,train_data/823.png,6,1,6,0
823,train_data/824.png,8,3,6,2
824,train_data/825.png,4,2,3,1
825,train_data/826.png,8,1,8,0
826,train_data/827.png,1,1,1,0
827,train_data/828.png,2,2,2,0
828,train_data/829.png,7,2,5,2
829,train_data/830.png,1,1,1,0
830,train_data/831.png,10,3,9,1
831,train_data/832.png,1,3,0,1
832,train_data/833.png,4,3,3,1
833,train_data/834.png,9,3,9,0
834,train_data/835.png,2,2,2,0
835,train_data/836.png,1,1,1,0
836,train_data/837.png,6,3,4,2
837,train_data/838.png,3,3,3,0
838,train_data/839.png,4,1,4,0
839,train_data/840.png,7,3,4,3
840,train_data/841.png,2,2,2,0
841,train_data/842.png,4,2,4,0
842,train_data/843.png,7,3,3,4
843,train_data/844.png,3,2,3,0
844,train_data/845.png,6,3,4,2
845,train_data/846.png,2,3,2,0
846,train_data/847.png,7,3,6,1
847,train_data/848.png,1,1,1,0
848,train_data/849.png,10,2,10,0
849,train_data/850.png,9,2,8,1
850,train_data/851.png,1,1,1,0
851,train_data/852.png,3,3,1,2
852,train_data/853.png,3,1,3,0
853,train_data/854.png,9,1,9,0
854,train_data/855.png,2,3,2,0
855,train_data/856.png,6,1,6,0
856,train_data/857.png,4,2,4,0
857,train_data/858.png,1,1,1,0
858,train_data/859.png,2,2,2,0
859,train_data/860.png,10,1,9,1
860,train_data/861.png,2,2,1,1
861,train_data/862.png,8,1,7,1
862,train_data/863.png,8,2,8,0
863,train_data/864.png,5,2,4,1
864,train_data/865.png,8,1,8,0
865,train_data/866.png,10,1,9,1
866,train_data/867.png,4,2,4,0
867,train_data/868.png,1,3,1,0
868,train_data/869.png,9,2,8,1
869,train_data/870.png,1,1,1,0
870,train_data/871.png,7,2,7,0
871,train_data/872.png,3,3,2,1
872,train_data/873.png,9,3,7,2
873,train_data/874.png,5,3,4,1
874,train_data/875.png,5,3,2,3
875,train_data/876.png,4,3,3,1
876,train_data/877.png,4,1,4,0
877,train_data/878.png,8,3,5,3
878,train_data/879.png,0,3,0,0
879,train_data/880.png,6,1,5,1
880,train_data/881.png,1,3,1,0
881,train_data/882.png,9,1,9,0
882,train_data/883.png,7,1,6,1
883,train_data/884.png,3,2,3,0
884,train_data/885.png,9,1,8,1
885,train_data/886.png,8,1,7,1
886,train_data/887.png,0,3,0,0
887,train_data/888.png,1,3,0,1
888,train_data/889.png,2,3,0,2
889,train_data/890.png,10,1,10,0
890,train_data/891.png,9,2,9,0
891,train_data/892.png,3,1,3,0
892,train_data/893.png,7,2,5,2
893,train_data/894.png,6,1,6,0
894,train_data/895.png,8,1,8,0
895,train_data/896.png,1,3,1,0
896,train_data/897.png,8,3,6,2
897,train_data/898.png,8,1,8,0
898,train_data/899.png,2,3,1,1
899,train_data/900.png,3,1,3,0
900,train_data/901.png,2,3,2,0
901,train_data/902.png,8,2,6,2
902,train_data/903.png,7,3,3,4
903,train_data/904.png,6,3,4,2
904,train_data/905.png,1,3,1,0
905,train_data/906.png,5,1,5,0
906,train_data/907.png,7,2,7,0
907,train_data/908.png,7,3,7,0
908,train_data/909.png,5,1,5,0
909,train_data/910.png,2,2,2,0
910,train_data/911.png,2,3,2,0
911,train_data/912.png,7,3,5,2
912,train_data/913.png,10,2,9,1
913,train_data/914.png,10,1,10,0
914,train_data/915.png,5,2,5,0
915,train_data/916.png,4,2,3,1
916,train_data/917.png,3,1,3,0
917,train_data/918.png,7,1,7,0
918,train_data/919.png,2,2,2,0
919,train_data/920.png,8,3,7,1
920,train_data/921.png,6,1,6,0
921,train_data/922.png,5,3,5,0
922,train_data/923.png,10,1,10,0
923,train_data/924.png,7,3,7,0
924,train_data/925.png,10,2,9,1
925,train_data/926.png,5,1,5,0
926,train_data/927.png,2,2,3,-1
927,train_data/928.png,8,3,7,1
928,train_data/929.png,1,2,1,0
929,train_data/930.png,4,1,4,0
930,train_data/931.png,7,2,7,0
931,train_data/932.png,8,1,8,0
932,train_data/933.png,0,3,0,0
933,train_data/934.png,8,2,6,2
934,train_data/935.png,9,2,9,0
935,train_data/936.png,7,1,7,0
936,train_data/937.png,8,2,7,1
937,train_data/938.png,5,3,3,2
938,train_data/939.png,9,2,9,0
939,train_data/940.png,6,1,5,1
940,train_data/941.png,5,2,5,0
941,train_data/942.png,5,3,5,0
942,train_data/943.png,4,1,4,0
943,train_data/944.png,4,2,4,0
944,train_data/945.png,3,3,1,2
945,train_data/946.png,7,2,7,0
946,train_data/947.png,0,3,0,0
947,train_data/948.png,3,3,2,1
948,train_data/949.png,1,3,0,1
949,train_data/950.png,7,1,7,0
950,train_data/951.png,2,3,1,1
951,train_data/952.png,2,1,2,0
952,train_data/953.png,4,1,4,0
953,train_data/954.png,9,3,6,3
954,train_data/955.png,7,1,6,1
955,train_data/956.png,10,1,9,1
956,train_data/957.png,2,1,2,0
957,train_data/958.png,6,1,6,0
958,train_data/959.png,8,3,8,0
959,train_data/960.png,9,1,9,0
960,train_data/961.png,4,1,4,0
961,train_data/962.png,8,3,3,5
962,train_data/963.png,6,1,6,0
963,train_data/964.png,10,2,10,0
964,train_data/965.png,1,2,1,0
965,train_data/966.png,7,1,6,1
966,train_data/967.png,8,1,7,1
967,train_data/968.png,2,3,2,0
968,train_data/969.png,7,1,7,0
969,train_data/970.png,1,2,1,0
970,train_data/971.png,9,1,8,1
971,train_data/972.png,2,2,2,0
972,train_data/973.png,3,2,3,0
973,train_data/974.png,2,3,2,0
974,train_data/975.png,5,3,4,1
975,train_data/976.png,1,2,1,0
976,train_data/977.png,7,1,7,0
977,train_data/978.png,3,3,2,1
978,train_data/979.png,9,1,9,0
979,train_data/980.png,6,3,2,4
980,train_data/981.png,3,2,3,0
981,train_data/982.png,1,1,1,0
982,train_data/983.png,4,3,2,2
983,train_data/984.png,1,3,1,0
984,train_data/985.png,8,2,7,1
985,train_data/986.png,7,1,5,2
986,train_data/987.png,0,2,0,0
987,train_data/988.png,10,1,9,1
988,train_data/989.png,7,3,6,1
989,train_data/990.png,10,1,10,0
990,train_data/991.png,2,1,2,0
991,train_data/992.png,5,1,5,0
992,train_data/993.png,6,2,5,1
993,train_data/994.png,3,2,3,0
994,train_data/995.png,1,2,1,0
995,train_data/996.png,8,1,8,0
996,train_data/997.png,5,1,5,0
997,train_data/998.png,1,2,1,0
998,train_data/999.png,6,3,3,3
999,train_data/1000.png,7,1,6,1
1000,train_data/1001.png,7,1,6,1
1001,train_data/1002.png,8,1,8,0
1002,train_data/1003.png,5,3,4,1
1003,train_data/1004.png,8,3,6,2
1004,train_data/1005.png,10,1,10,0
1005,train_data/1006.png,6,3,4,2
1006,train_data/1007.png,10,2,10,0
1007,train_data/1008.png,3,3,3,0
1008,train_data/1009.png,8,2,7,1
1009,train_data/1010.png,5,1,5,0
1010,train_data/1011.png,6,1,6,0
1011,train_data/1012.png,2,3,2,0
1012,train_data/1013.png,9,2,8,1
1013,train_data/1014.png,1,1,1,0
1014,train_data/1015.png,10,1,10,0
1015,train_data/1016.png,9,3,6,3
1016,train_data/1017.png,3,1,3,0
1017,train_data/1018.png,6,1,6,0
1018,train_data/1019.png,4,3,3,1
1019,train_data/1020.png,9,3,7,2
1020,train_data/1021.png,10,1,10,0
1021,train_data/1022.png,3,2,3,0
1022,train_data/1023.png,0,3,0,0
1023,train_data/1024.png,6,1,6,0
1024,train_data/1025.png,10,3,6,4
1025,train_data/1026.png,8,2,8,0
1026,train_data/1027.png,5,2,5,0
1027,train_data/1028.png,9,2,9,0
1028,train_data/1029.png,1,1,1,0
1029,train_data/1030.png,10,2,10,0
1030,train_data/1031.png,9,3,9,0
1031,train_data/1032.png,5,3,2,3
1032,train_data/1033.png,0,2,0,0
1033,train_data/1034.png,6,2,6,0
1034,train_data/1035.png,2,1,2,0
1035,train_data/1036.png,4,3,4,0
1036,train_data/1037.png,9,3,5,4
1037,train_data/1038.png,9,2,6,3
1038,train_data/1039.png,1,2,1,0
1039,train_data/1040.png,7,3,6,1
1040,train_data/1041.png,5,2,4,1
1041,train_data/1042.png,3,3,2,1
1042,train_data/1043.png,1,2,1,0
1043,train_data/1044.png,2,2,2,0
1044,train_data/1045.png,7,1,7,0
1045,train_data/1046.png,5,1,4,1
1046,train_data/1047.png,10,1,10,0
1047,train_data/1048.png,10,1,8,2
1048,train_data/1049.png,7,2,6,1
1049,train_data/1050.png,2,2,2,0
1050,train_data/1051.png,10,1,9,1
1051,train_data/1052.png,9,3,8,1
1052,train_data/1053.png,9,3,7,2
1053,train_data/1054.png,2,1,2,0
1054,train_data/1055.png,4,1,4,0
1055,train_data/1056.png,1,3,2,-1
1056,train_data/1057.png,7,2,6,1
1057,train_data/1058.png,1,1,1,0
1058,train_data/1059.png,5,2,6,-1
1059,train_data/1060.png,2,2,1,1
1060,train_data/1061.png,7,3,3,4
1061,train_data/1062.png,3,1,3,0
1062,train_data/1063.png,8,1,8,0
1063,train_data/1064.png,9,3,8,1
1064,train_data/1065.png,2,3,1,1
1065,train_data/1066.png,3,2,2,1
1066,train_data/1067.png,1,3,1,0
1067,train_data/1068.png,2,1,2,0
1068,train_data/1069.png,9,3,7,2
1069,train_data/1070.png,8,1,8,0
1070,train_data/1071.png,3,1,3,0
1071,train_data/1072.png,3,1,3,0
1072,train_data/1073.png,3,3,3,0
1073,train_data/1074.png,10,2,9,1
1074,train_data/1075.png,5,1,4,1
1075,train_data/1076.png,8,2,8,0
1076,train_data/1077.png,5,3,3,2
1077,train_data/1078.png,2,1,2,0
1078,train_data/1079.png,3,2,3,0
1079,train_data/1080.png,3,3,3,0
1080,train_data/1081.png,0,3,0,0
1081,train_data/1082.png,7,2,7,0
1082,train_data/1083.png,4,3,2,2
1083,train_data/1084.png,7,1,7,0
1084,train_data/1085.png,10,1,10,0
1085,train_data/1086.png,2,2,2,0
1086,train_data/1087.png,1,3,1,0
1087,train_data/1088.png,5,3,3,2
1088,train_data/1089.png,7,3,7,0
1089,train_data/1090.png,6,3,6,0
1090,train_data/1091.png,4,1,4,0
1091,train_data/1092.png,9,3,9,0
1092,train_data/1093.png,4,2,4,0
1093,train_data/1094.png,8,1,8,0
1094,train_data/1095.png,7,1,6,1
1095,train_data/1096.png,8,3,6,2
1096,train_data/1097.png,8,3,6,2
1097,train_data/1098.png,1,2,1,0
1098,train_data/1099.png,9,3,8,1
1099,train_data/1100.png,10,1,9,1
1100,train_data/1101.png,5,2,4,1
1101,train_data/1102.png,9,3,10,-1
1102,train_data/1103.png,0,2,0,0
1103,train_data/1104.png,5,3,5,0
1104,train_data/1105.png,4,3,4,0
1105,train_data/1106.png,2,2,2,0
1106,train_data/1107.png,5,2,3,2
1107,train_data/1108.png,2,2,2,0
1108,train_data/1109.png,3,3,3,0
1109,train_data/1110.png,8,3,6,2
1110,train_data/1111.png,3,1,3,0
1111,train_data/1112.png,4,2,4,0
1112,train_data/1113.png,2,3,2,0
1113,train_data/1114.png,9,1,9,0
1114,train_data/1115.png,10,2,9,1
1115,train_data/1116.png,5,3,4,1
1116,train_data/1117.png,8,3,8,0
1117,train_data/1118.png,2,2,2,0
1118,train_data/1119.png,4,1,4,0
1119,train_data/1120.png,5,3,3,2
1120,train_data/1121.png,1,1,1,0
1121,train_data/1122.png,2,1,2,0
1122,train_data/1123.png,9,2,7,2
1123,train_data/1124.png,7,3,5,2
1124,train_data/1125.png,8,3,6,2
1125,train_data/1126.png,4,2,4,0
1126,train_data/1127.png,10,2,10,0
1127,train_data/1128.png,4,3,2,2
1128,train_data/1129.png,9,2,9,0
1129,train_data/1130.png,2,3,1,1
1130,train_data/1131.png,9,3,8,1
1131,train_data/1132.png,8,2,8,0
1132,train_data/1133.png,6,1,6,0
1133,train_data/1134.png,3,3,2,1
1134,train_data/1135.png,2,3,2,0
1135,train_data/1136.png,8,3,6,2
1136,train_data/1137.png,7,3,6,1
1137,train_data/1138.png,5,2,5,0
1138,train_data/1139.png,3,2,3,0
1139,train_data/1140.png,3,3,1,2
1140,train_data/1141.png,2,2,2,0
1141,train_data/1142.png,10,1,10,0
1142,train_data/1143.png,8,2,8,0
1143,train_data/1144.png,5,3,4,1
1144,train_data/1145.png,7,3,6,1
1145,train_data/1146.png,2,1,2,0
1146,train_data/1147.png,3,1,3,0
1147,train_data/1148.png,7,3,7,0
1148,train_data/1149.png,4,1,4,0
1149,train_data/1150.png,4,3,3,1
1150,train_data/1151.png,3,1,3,0
1151,train_data/1152.png,7,2,7,0
1152,train_data/1153.png,6,3,2,4
1153,train_data/1154.png,6,3,5,1
1154,train_data/1155.png,9,2,8,1
1155,train_data/1156.png,6,1,6,0
1156,train_data/1157.png,10,3,5,5
1157,train_data/1158.png,1,2,1,0
1158,train_data/1159.png,2,3,1,1
1159,train_data/1160.png,1,1,1,0
1160,train_data/1161.png,3,1,3,0
1161,train_data/1162.png,3,3,3,0
1162,train_data/1163.png,5,1,4,1
1163,train_data/1164.png,8,2,7,1
1164,train_data/1165.png,6,2,6,0
1165,train_data/1166.png,4,1,4,0
1166,train_data/1167.png,6,2,6,0
1167,train_data/1168.png,3,3,3,0
1168,train_data/1169.png,9,2,9,0
1169,train_data/1170.png,5,2,5,0
1170,train_data/1171.png,6,1,6,0
1171,train_data/1172.png,6,2,5,1
1172,train_data/1173.png,2,2,2,0
1173,train_data/1174.png,6,1,5,1
1174,train_data/1175.png,9,3,8,1
1175,train_data/1176.png,5,2,5,0
1176,train_data/1177.png,10,1,9,1
1177,train_data/1178.png,2,1,2,0
1178,train_data/1179.png,2,3,2,0
1179,train_data/1180.png,6,3,5,1
1180,train_data/1181.png,5,3,3,2
1181,train_data/1182.png,0,2,0,0
1182,train_data/1183.png,9,1,9,0
1183,train_data/1184.png,5,3,4,1
1184,train_data/1185.png,3,1,3,0
1185,train_data/1186.png,8,2,7,1
1186,train_data/1187.png,1,1,1,0
1187,train_data/1188.png,9,1,8,1
1188,train_data/1189.png,5,1,4,1
1189,train_data/1190.png,7,2,7,0
1190,train_data/1191.png,6,2,6,0
1191,train_data/1192.png,7,1,7,0
1192,train_data/1193.png,3,3,3,0
1193,train_data/1194.png,9,1,9,0
1194,train_data/1195.png,9,1,9,0
1195,train_data/1196.png,1,2,0,1
1196,train_data/1197.png,7,2,8,-1
1197,train_data/1198.png,3,3,3,0
1198,train_data/1199.png,3,3,2,1
1199,train_data/1200.png,5,1,4,1
1200,train_data/1201.png,9,3,4,5
1201,train_data/1202.png,10,3,7,3
1202,train_data/1203.png,9,3,9,0
1203,train_data/1204.png,5,3,5,0
1204,train_data/1205.png,10,1,10,0
1205,train_data/1206.png,7,3,7,0
1206,train_data/1207.png,1,3,1,0
1207,train_data/1208.png,10,1,10,0
1208,train_data/1209.png,7,1,7,0
1209,train_data/1210.png,7,2,8,-1
1210,train_data/1211.png,4,1,4,0
1211,train_data/1212.png,7,1,7,0
1212,train_data/1213.png,2,1,2,0
1213,train_data/1214.png,5,2,5,0
1214,train_data/1215.png,4,2,4,0
1215,train_data/1216.png,4,2,4,0
1216,train_data/1217.png,6,3,4,2
1217,train_data/1218.png,4,2,4,0
1218,train_data/1219.png,5,2,5,0
1219,train_data/1220.png,9,1,9,0
1220,train_data/1221.png,2,2,2,0
1221,train_data/1222.png,3,1,2,1
1222,train_data/1223.png,9,1,7,2
1223,train_data/1224.png,9,2,9,0
1224,train_data/1225.png,9,1,9,0
1225,train_data/1226.png,6,3,5,1
1226,train_data/1227.png,1,1,1,0
1227,train_data/1228.png,8,2,8,0
1228,train_data/1229.png,10,1,9,1
1229,train_data/1230.png,2,1,2,0
1230,train_data/1231.png,6,3,5,1
1231,train_data/1232.png,1,2,1,0
1232,train_data/1233.png,1,2,2,-1
1233,train_data/1234.png,8,1,8,0
1234,train_data/1235.png,2,2,2,0
1235,train_data/1236.png,2,2,2,0
1236,train_data/1237.png,10,1,9,1
1237,train_data/1238.png,1,3,1,0
1238,train_data/1239.png,7,1,6,1
1239,train_data/1240.png,3,2,3,0
1240,train_data/1241.png,7,2,7,0
1241,train_data/1242.png,2,3,1,1
1242,train_data/1243.png,0,2,0,0
1243,train_data/1244.png,2,1,2,0
1244,train_data/1245.png,4,1,3,1
1245,train_data/1246.png,1,1,1,0
1246,train_data/1247.png,6,1,6,0
1247,train_data/1248.png,7,2,8,-1
1248,train_data/1249.png,6,3,5,1
1249,train_data/1250.png,4,2,4,0
1250,train_data/1251.png,9,1,9,0
1251,train_data/1252.png,9,3,8,1
1252,train_data/1253.png,8,3,5,3
1253,train_data/1254.png,8,3,6,2
1254,train_data/1255.png,4,2,4,0
1255,train_data/1256.png,2,1,1,1
1256,train_data/1257.png,8,1,6,2
1257,train_data/1258.png,8,1,7,1
1258,train_data/1259.png,8,3,7,1
1259,train_data/1260.png,10,3,10,0
1260,train_data/1261.png,9,3,7,2
1261,train_data/1262.png,1,3,1,0
1262,train_data/1263.png,8,1,7,1
1263,train_data/1264.png,6,2,5,1
1264,train_data/1265.png,8,2,6,2
1265,train_data/1266.png,1,2,1,0
1266,train_data/1267.png,1,2,1,0
1267,train_data/1268.png,5,1,5,0
1268,train_data/1269.png,1,1,1,0
1269,train_data/1270.png,9,2,8,1
1270,train_data/1271.png,5,2,5,0
1271,train_data/1272.png,5,3,2,3
1272,train_data/1273.png,4,1,4,0
1273,train_data/1274.png,1,1,1,0
1274,train_data/1275.png,8,2,8,0
1275,train_data/1276.png,7,2,8,-1
1276,train_data/1277.png,2,1,2,0
1277,train_data/1278.png,10,1,8,2
1278,train_data/1279.png,3,1,2,1
1279,train_data/1280.png,8,1,8,0
1280,train_data/1281.png,7,3,5,2
1281,train_data/1282.png,2,2,2,0
1282,train_data/1283.png,10,1,10,0
1283,train_data/1284.png,8,1,8,0
1284,train_data/1285.png,7,1,7,0
1285,train_data/1286.png,2,3,2,0
1286,train_data/1287.png,1,1,1,0
1287,train_data/1288.png,4,2,4,0
1288,train_data/1289.png,2,1,2,0
1289,train_data/1290.png,9,3,7,2
1290,train_data/1291.png,8,3,6,2
1291,train_data/1292.png,7,2,7,0
1292,train_data/1293.png,9,3,6,3
1293,train_data/1294.png,6,3,4,2
1294,train_data/1295.png,8,1,8,0
1295,train_data/1296.png,8,1,7,1
1296,train_data/1297.png,6,3,4,2
1297,train_data/1298.png,6,3,2,4
1298,train_data/1299.png,8,3,6,2
1299,train_data/1300.png,9,1,7,2
1300,train_data/1301.png,5,3,3,2
1301,train_data/1302.png,7,1,7,0
1302,train_data/1303.png,9,2,8,1
1303,train_data/1304.png,6,1,5,1
1304,train_data/1305.png,1,2,1,0
1305,train_data/1306.png,9,3,8,1
1306,train_data/1307.png,4,2,5,-1
1307,train_data/1308.png,9,2,8,1
1308,train_data/1309.png,1,1,1,0
1309,train_data/1310.png,9,3,9,0
1310,train_data/1311.png,7,3,7,0
1311,train_data/1312.png,3,2,4,-1
1312,train_data/1313.png,9,1,9,0
1313,train_data/1314.png,6,2,4,2
1314,train_data/1315.png,7,1,7,0
1315,train_data/1316.png,6,2,6,0
1316,train_data/1317.png,10,1,9,1
1317,train_data/1318.png,3,3,1,2
1318,train_data/1319.png,3,3,2,1
1319,train_data/1320.png,3,2,3,0
1320,train_data/1321.png,1,1,1,0
1321,train_data/1322.png,0,3,0,0
1322,train_data/1323.png,5,2,5,0
1323,train_data/1324.png,3,2,3,0
1324,train_data/1325.png,2,2,2,0
1325,train_data/1326.png,4,2,4,0
1326,train_data/1327.png,5,3,6,-1
1327,train_data/1328.png,3,3,2,1
1328,train_data/1329.png,6,3,5,1
1329,train_data/1330.png,2,1,2,0
1330,train_data/1331.png,5,3,4,1
1331,train_data/1332.png,7,2,7,0
1332,train_data/1333.png,2,3,2,0
1333,train_data/1334.png,9,1,9,0
1334,train_data/1335.png,6,1,6,0
1335,train_data/1336.png,3,3,2,1
1336,train_data/1337.png,6,1,6,0
1337,train_data/1338.png,8,1,8,0
1338,train_data/1339.png,7,2,7,0
1339,train_data/1340.png,7,2,7,0
1340,train_data/1341.png,0,3,0,0
1341,train_data/1342.png,3,2,3,0
1342,train_data/1343.png,8,2,8,0
1343,train_data/1344.png,6,2,5,1
1344,train_data/1345.png,2,2,2,0
1345,train_data/1346.png,10,1,9,1
1346,train_data/1347.png,8,3,7,1
1347,train_data/1348.png,4,1,4,0
1348,train_data/1349.png,3,2,4,-1
1349,train_data/1350.png,2,2,2,0
1350,train_data/1351.png,9,3,8,1
1351,train_data/1352.png,7,3,7,0
1352,train_data/1353.png,6,3,6,0
1353,train_data/1354.png,5,3,4,1
1354,train_data/1355.png,6,1,6,0
1355,train_data/1356.png,8,2,8,0
1356,train_data/1357.png,2,3,1,1
1357,train_data/1358.png,7,2,6,1
1358,train_data/1359.png,6,3,4,2
1359,train_data/1360.png,5,1,5,0
1360,train_data/1361.png,9,1,9,0
1361,train_data/1362.png,1,1,1,0
1362,train_data/1363.png,10,1,10,0
1363,train_data/1364.png,5,1,4,1
1364,train_data/1365.png,3,1,3,0
1365,train_data/1366.png,10,1,9,1
1366,train_data/1367.png,0,3,0,0
1367,train_data/1368.png,4,3,3,1
1368,train_data/1369.png,8,2,7,1
1369,train_data/1370.png,0,2,0,0
1370,train_data/1371.png,1,1,1,0
1371,train_data/1372.png,4,3,5,-1
1372,train_data/1373.png,3,1,3,0
1373,train_data/1374.png,9,2,8,1
1374,train_data/1375.png,1,3,1,0
1375,train_data/1376.png,2,2,2,0
1376,train_data/1377.png,9,2,9,0
1377,train_data/1378.png,6,2,6,0
1378,train_data/1379.png,8,3,7,1
1379,train_data/1380.png,6,2,5,1
1380,train_data/1381.png,3,2,2,1
1381,train_data/1382.png,5,2,5,0
1382,train_data/1383.png,10,1,10,0
1383,train_data/1384.png,1,2,1,0
1384,train_data/1385.png,7,2,8,-1
1385,train_data/1386.png,4,2,5,-1
1386,train_data/1387.png,4,3,3,1
1387,train_data/1388.png,4,2,4,0
1388,train_data/1389.png,7,3,4,3
1389,train_data/1390.png,4,3,2,2
1390,train_data/1391.png,9,3,7,2
1391,train_data/1392.png,2,2,3,-1
1392,train_data/1393.png,2,2,2,0
1393,train_data/1394.png,1,2,1,0
1394,train_data/1395.png,2,1,2,0
1395,train_data/1396.png,7,1,7,0
1396,train_data/1397.png,7,3,7,0
1397,train_data/1398.png,4,3,3,1
1398,train_data/1399.png,3,3,3,0
1399,train_data/1400.png,8,3,6,2
1400,train_data/1401.png,3,3,2,1
1401,train_data/1402.png,2,1,2,0
1402,train_data/1403.png,7,2,7,0
1403,train_data/1404.png,8,2,8,0
1404,train_data/1405.png,2,2,2,0
1405,train_data/1406.png,8,3,5,3
1406,train_data/1407.png,4,1,4,0
1407,train_data/1408.png,7,1,7,0
1408,train_data/1409.png,1,3,1,0
1409,train_data/1410.png,4,2,4,0
1410,train_data/1411.png,5,1,5,0
1411,train_data/1412.png,5,1,5,0
1412,train_data/1413.png,1,2,1,0
1413,train_data/1414.png,4,2,4,0
1414,train_data/1415.png,8,1,8,0
1415,train_data/1416.png,2,2,1,1
1416,train_data/1417.png,3,2,3,0
1417,train_data/1418.png,10,1,10,0
1418,train_data/1419.png,2,2,2,0
1419,train_data/1420.png,7,2,7,0
1420,train_data/1421.png,2,2,3,-1
1421,train_data/1422.png,6,3,2,4
1422,train_data/1423.png,6,2,6,0
1423,train_data/1424.png,6,1,6,0
1424,train_data/1425.png,5,3,5,0
1425,train_data/1426.png,5,2,5,0
1426,train_data/1427.png,0,3,0,0
1427,train_data/1428.png,5,1,5,0
1428,train_data/1429.png,2,3,2,0
1429,train_data/1430.png,6,3,6,0
1430,train_data/1431.png,7,1,7,0
1431,train_data/1432.png,9,1,9,0
1432,train_data/1433.png,7,1,7,0
1433,train_data/1434.png,7,2,7,0
1434,train_data/1435.png,6,1,6,0
1435,train_data/1436.png,7,1,6,1
1436,train_data/1437.png,5,1,5,0
1437,train_data/1438.png,5,2,4,1
1438,train_data/1439.png,10,2,10,0
1439,train_data/1440.png,3,3,2,1
1440,train_data/1441.png,4,1,4,0
1441,train_data/1442.png,7,2,7,0
1442,train_data/1443.png,1,1,1,0
1443,train_data/1444.png,6,2,6,0
1444,train_data/1445.png,7,1,7,0
1445,train_data/1446.png,1,3,0,1
1446,train_data/1447.png,1,1,1,0
1447,train_data/1448.png,2,1,2,0
1448,train_data/1449.png,3,3,3,0
1449,train_data/1450.png,2,1,2,0
1450,train_data/1451.png,9,2,8,1
1451,train_data/1452.png,1,2,1,0
1452,train_data/1453.png,4,3,2,2
1453,train_data/1454.png,3,1,3,0
1454,train_data/1455.png,4,2,4,0
1455,train_data/1456.png,9,2,6,3
1456,train_data/1457.png,4,2,4,0
1457,train_data/1458.png,7,2,6,1
1458,train_data/1459.png,2,3,1,1
1459,train_data/1460.png,1,3,1,0
1460,train_data/1461.png,5,1,5,0
1461,train_data/1462.png,5,3,4,1
1462,train_data/1463.png,5,3,4,1
1463,train_data/1464.png,0,2,0,0
1464,train_data/1465.png,8,1,8,0
1465,train_data/1466.png,2,1,2,0
1466,train_data/1467.png,10,1,10,0
1467,train_data/1468.png,6,1,6,0
1468,train_data/1469.png,8,2,8,0
1469,train_data/1470.png,6,2,5,1
1470,train_data/1471.png,9,1,9,0
1471,train_data/1472.png,10,1,9,1
1472,train_data/1473.png,3,2,3,0
1473,train_data/1474.png,9,1,9,0
1474,train_data/1475.png,9,1,9,0
1475,train_data/1476.png,2,1,2,0
1476,train_data/1477.png,1,2,1,0
1477,train_data/1478.png,4,2,4,0
1478,train_data/1479.png,8,2,6,2
1479,train_data/1480.png,3,2,3,0
1480,train_data/1481.png,5,3,5,0
1481,train_data/1482.png,1,2,1,0
1482,train_data/1483.png,4,3,2,2
1483,train_data/1484.png,9,2,9,0
1484,train_data/1485.png,2,2,2,0
1485,train_data/1486.png,7,1,7,0
1486,train_data/1487.png,7,2,6,1
1487,train_data/1488.png,1,2,1,0
1488,train_data/1489.png,5,2,5,0
1489,train_data/1490.png,6,2,6,0
1490,train_data/1491.png,3,1,3,0
1491,train_data/1492.png,4,3,0,4
1492,train_data/1493.png,7,1,7,0
1493,train_data/1494.png,3,3,3,0
1494,train_data/1495.png,5,3,4,1
1495,train_data/1496.png,5,2,5,0
1496,train_data/1497.png,10,2,9,1
1497,train_data/1498.png,3,1,3,0
1498,train_data/1499.png,2,2,2,0
1499,train_data/1500.png,5,2,5,0
1500,train_data/1501.png,8,3,7,1
1501,train_data/1502.png,10,2,10,0
1502,train_data/1503.png,4,2,2,2
1503,train_data/1504.png,7,3,4,3
1504,train_data/1505.png,6,1,6,0
1505,train_data/1506.png,3,2,3,0
1506,train_data/1507.png,10,3,8,2
1507,train_data/1508.png,0,3,0,0
1508,train_data/1509.png,3,2,2,1
1509,train_data/1510.png,0,2,0,0
1510,train_data/1511.png,0,2,0,0
1511,train_data/1512.png,6,3,4,2
1512,train_data/1513.png,10,2,7,3
1513,train_data/1514.png,8,3,7,1
1514,train_data/1515.png,7,2,7,0
1515,train_data/1516.png,4,2,3,1
1516,train_data/1517.png,8,3,8,0
1517,train_data/1518.png,9,3,8,1
1518,train_data/1519.png,3,2,3,0
1519,train_data/1520.png,5,2,5,0
1520,train_data/1521.png,2,1,2,0
1521,train_data/1522.png,5,3,4,1
1522,train_data/1523.png,5,1,5,0
1523,train_data/1524.png,7,3,4,3
1524,train_data/1525.png,1,3,0,1
1525,train_data/1526.png,4,2,4,0
1526,train_data/1527.png,10,2,9,1
1527,train_data/1528.png,1,3,1,0
1528,train_data/1529.png,8,1,8,0
1529,train_data/1530.png,8,1,8,0
1530,train_data/1531.png,3,1,3,0
1531,train_data/1532.png,7,1,7,0
1532,train_data/1533.png,9,1,9,0
1533,train_data/1534.png,6,3,2,4
1534,train_data/1535.png,2,1,2,0
1535,train_data/1536.png,10,2,7,3
1536,train_data/1537.png,8,1,8,0
1537,train_data/1538.png,3,3,3,0
1538,train_data/1539.png,6,2,5,1
1539,train_data/1540.png,9,1,9,0
1540,train_data/1541.png,5,3,2,3
1541,train_data/1542.png,2,3,2,0
1542,train_data/1543.png,3,3,3,0
1543,train_data/1544.png,1,3,1,0
1544,train_data/1545.png,5,3,5,0
1545,train_data/1546.png,0,3,0,0
1546,train_data/1547.png,9,3,7,2
1547,train_data/1548.png,2,1,2,0
1548,train_data/1549.png,6,2,5,1
1549,train_data/1550.png,8,3,3,5
1550,train_data/1551.png,8,3,8,0
1551,train_data/1552.png,2,3,0,2
1552,train_data/1553.png,4,1,4,0
1553,train_data/1554.png,3,2,2,1
1554,train_data/1555.png,2,1,2,0
1555,train_data/1556.png,7,1,7,0
1556,train_data/1557.png,10,2,8,2
1557,train_data/1558.png,7,1,7,0
1558,train_data/1559.png,1,2,0,1
1559,train_data/1560.png,2,2,2,0
1560,train_data/1561.png,1,2,1,0
1561,train_data/1562.png,4,1,4,0
1562,train_data/1563.png,0,2,0,0
1563,train_data/1564.png,3,2,3,0
1564,train_data/1565.png,7,3,6,1
1565,train_data/1566.png,2,1,2,0
1566,train_data/1567.png,4,1,4,0
1567,train_data/1568.png,3,1,3,0
1568,train_data/1569.png,9,2,9,0
1569,train_data/1570.png,10,2,8,2
1570,train_data/1571.png,0,3,0,0
1571,train_data/1572.png,1,3,0,1
1572,train_data/1573.png,7,3,7,0
1573,train_data/1574.png,9,3,8,1
1574,train_data/1575.png,1,2,1,0
1575,train_data/1576.png,7,3,5,2
1576,train_data/1577.png,3,2,3,0
1577,train_data/1578.png,4,1,4,0
1578,train_data/1579.png,4,2,3,1
1579,train_data/1580.png,7,3,3,4
1580,train_data/1581.png,9,1,8,1
1581,train_data/1582.png,10,1,9,1
1582,train_data/1583.png,9,2,8,1
1583,train_data/1584.png,5,2,5,0
1584,train_data/1585.png,2,1,2,0
1585,train_data/1586.png,4,2,4,0
1586,train_data/1587.png,4,2,4,0
1587,train_data/1588.png,2,1,2,0
1588,train_data/1589.png,5,1,5,0
1589,train_data/1590.png,8,1,8,0
1590,train_data/1591.png,10,2,10,0
1591,train_data/1592.png,1,3,1,0
1592,train_data/1593.png,8,3,7,1
1593,train_data/1594.png,4,1,4,0
1594,train_data/1595.png,7,2,6,1
1595,train_data/1596.png,4,2,4,0
1596,train_data/1597.png,9,1,6,3
1597,train_data/1598.png,6,3,4,2
1598,train_data/1599.png,10,1,7,3
1599,train_data/1600.png,7,3,3,4
1600,train_data/1601.png,7,2,4,3
1601,train_data/1602.png,4,2,4,0
1602,train_data/1603.png,3,2,3,0
1603,train_data/1604.png,7,2,8,-1
1604,train_data/1605.png,4,3,2,2
1605,train_data/1606.png,0,3,0,0
1606,train_data/1607.png,7,2,6,1
1607,train_data/1608.png,7,3,4,3
1608,train_data/1609.png,3,1,2,1
1609,train_data/1610.png,4,1,4,0
1610,train_data/1611.png,5,3,2,3
1611,train_data/1612.png,7,1,7,0
1612,train_data/1613.png,4,1,4,0
1613,train_data/1614.png,1,2,1,0
1614,train_data/1615.png,3,3,3,0
1615,train_data/1616.png,7,1,5,2
1616,train_data/1617.png,9,1,8,1
1617,train_data/1618.png,7,1,7,0
1618,train_data/1619.png,1,3,1,0
1619,train_data/1620.png,10,3,6,4
1620,train_data/1621.png,8,1,8,0
1621,train_data/1622.png,5,3,4,1
1622,train_data/1623.png,6,2,5,1
1623,train_data/1624.png,1,1,1,0
1624,train_data/1625.png,3,3,2,1
1625,train_data/1626.png,1,1,1,0
1626,train_data/1627.png,7,3,5,2
1627,train_data/1628.png,1,2,1,0
1628,train_data/1629.png,5,2,5,0
1629,train_data/1630.png,7,2,7,0
1630,train_data/1631.png,7,2,7,0
1631,train_data/1632.png,7,1,7,0
1632,train_data/1633.png,6,3,5,1
1633,train_data/1634.png,4,1,4,0
1634,train_data/1635.png,0,3,0,0
1635,train_data/1636.png,3,3,1,2
1636,train_data/1637.png,8,2,7,1
1637,train_data/1638.png,9,3,3,6
1638,train_data/1639.png,3,1,2,1
1639,train_data/1640.png,1,3,1,0
1640,train_data/1641.png,9,2,8,1
1641,train_data/1642.png,8,2,8,0
1642,train_data/1643.png,0,2,0,0
1643,train_data/1644.png,4,3,3,1
1644,train_data/1645.png,1,2,1,0
1645,train_data/1646.png,6,3,6,0
1646,train_data/1647.png,2,2,2,0
1647,train_data/1648.png,2,3,1,1
1648,train_data/1649.png,5,2,4,1
1649,train_data/1650.png,5,1,5,0
1650,train_data/1651.png,1,3,1,0
1651,train_data/1652.png,4,3,2,2
1652,train_data/1653.png,5,2,3,2
1653,train_data/1654.png,9,2,9,0
1654,train_data/1655.png,1,2,0,1
1655,train_data/1656.png,4,1,4,0
1656,train_data/1657.png,6,1,6,0
1657,train_data/1658.png,7,3,6,1
1658,train_data/1659.png,6,1,5,1
1659,train_data/1660.png,4,2,4,0
1660,train_data/1661.png,6,2,6,0
1661,train_data/1662.png,5,2,3,2
1662,train_data/1663.png,1,3,1,0
1663,train_data/1664.png,5,2,5,0
1664,train_data/1665.png,4,2,4,0
1665,train_data/1666.png,5,2,6,-1
1666,train_data/1667.png,9,1,9,0
1667,train_data/1668.png,4,1,4,0
1668,train_data/1669.png,8,1,7,1
1669,train_data/1670.png,5,1,5,0
1670,train_data/1671.png,8,2,6,2
1671,train_data/1672.png,0,2,0,0
1672,train_data/1673.png,4,2,4,0
1673,train_data/1674.png,4,3,4,0
1674,train_data/1675.png,6,2,5,1
1675,train_data/1676.png,2,3,2,0
1676,train_data/1677.png,5,2,4,1
1677,train_data/1678.png,1,3,1,0
1678,train_data/1679.png,3,1,3,0
1679,train_data/1680.png,9,1,9,0
1680,train_data/1681.png,6,1,6,0
1681,train_data/1682.png,3,3,3,0
1682,train_data/1683.png,5,2,5,0
1683,train_data/1684.png,8,2,8,0
1684,train_data/1685.png,1,3,0,1
1685,train_data/1686.png,2,3,2,0
1686,train_data/1687.png,6,3,5,1
1687,train_data/1688.png,0,3,0,0
1688,train_data/1689.png,8,3,9,-1
1689,train_data/1690.png,0,2,0,0
1690,train_data/1691.png,6,1,6,0
1691,train_data/1692.png,3,1,3,0
1692,train_data/1693.png,8,3,6,2
1693,train_data/1694.png,10,2,10,0
1694,train_data/1695.png,2,3,2,0
1695,train_data/1696.png,2,3,2,0
1696,train_data/1697.png,7,1,5,2
1697,train_data/1698.png,7,2,7,0
1698,train_data/1699.png,5,2,5,0
1699,train_data/1700.png,5,2,3,2
1700,train_data/1701.png,4,1,4,0
1701,train_data/1702.png,9,2,9,0
1702,train_data/1703.png,4,3,3,1
1703,train_data/1704.png,9,2,9,0
1704,train_data/1705.png,4,3,3,1
1705,train_data/1706.png,9,2,8,1
1706,train_data/1707.png,7,3,6,1
1707,train_data/1708.png,0,3,0,0
1708,train_data/1709.png,3,3,2,1
1709,train_data/1710.png,10,1,9,1
1710,train_data/1711.png,4,1,4,0
1711,train_data/1712.png,7,1,7,0
1712,train_data/1713.png,2,1,2,0
1713,train_data/1714.png,6,1,6,0
1714,train_data/1715.png,2,2,2,0
1715,train_data/1716.png,0,3,0,0
1716,train_data/1717.png,3,3,2,1
1717,train_data/1718.png,7,2,6,1
1718,train_data/1719.png,6,3,4,2
1719,train_data/1720.png,4,3,3,1
1720,train_data/1721.png,9,2,9,0
1721,train_data/1722.png,8,1,7,1
1722,train_data/1723.png,10,1,10,0
1723,train_data/1724.png,0,3,0,0
1724,train_data/1725.png,2,2,2,0
1725,train_data/1726.png,0,2,0,0
1726,train_data/1727.png,4,2,4,0
1727,train_data/1728.png,3,2,3,0
1728,train_data/1729.png,10,1,10,0
1729,train_data/1730.png,7,2,6,1
1730,train_data/1731.png,2,1,2,0
1731,train_data/1732.png,10,2,10,0
1732,train_data/1733.png,9,3,8,1
1733,train_data/1734.png,3,3,2,1
1734,train_data/1735.png,2,3,2,0
1735,train_data/1736.png,3,3,3,0
1736,train_data/1737.png,0,3,0,0
1737,train_data/1738.png,10,3,7,3
1738,train_data/1739.png,7,3,5,2
1739,train_data/1740.png,1,1,1,0
1740,train_data/1741.png,0,3,0,0
1741,train_data/1742.png,3,1,3,0
1742,train_data/1743.png,3,2,3,0
1743,train_data/1744.png,2,1,2,0
1744,train_data/1745.png,0,2,0,0
1745,train_data/1746.png,9,2,9,0
1746,train_data/1747.png,3,2,3,0
1747,train_data/1748.png,7,1,7,0
1748,train_data/1749.png,6,3,4,2
1749,train_data/1750.png,0,2,0,0
1750,train_data/1751.png,2,2,2,0
1751,train_data/1752.png,3,2,3,0
1752,train_data/1753.png,9,1,9,0
1753,train_data/1754.png,1,3,1,0
1754,train_data/1755.png,5,3,4,1
1755,train_data/1756.png,10,1,9,1
1756,train_data/1757.png,5,1,5,0
1757,train_data/1758.png,6,3,6,0
1758,train_data/1759.png,3,1,3,0
1759,train_data/1760.png,9,3,7,2
1760,train_data/1761.png,6,2,5,1
1761,train_data/1762.png,6,3,4,2
1762,train_data/1763.png,5,3,4,1
1763,train_data/1764.png,5,1,4,1
1764,train_data/1765.png,3,2,3,0
1765,train_data/1766.png,1,2,1,0
1766,train_data/1767.png,7,3,5,2
1767,train_data/1768.png,5,1,5,0
1768,train_data/1769.png,5,2,5,0
1769,train_data/1770.png,9,1,8,1
1770,train_data/1771.png,8,2,7,1
1771,train_data/1772.png,8,1,8,0
1772,train_data/1773.png,1,2,1,0
1773,train_data/1774.png,10,1,9,1
1774,train_data/1775.png,9,1,9,0
1775,train_data/1776.png,8,3,8,0
1776,train_data/1777.png,5,1,5,0
1777,train_data/1778.png,10,1,9,1
1778,train_data/1779.png,10,1,10,0
1779,train_data/1780.png,6,2,6,0
1780,train_data/1781.png,1,2,1,0
1781,train_data/1782.png,3,3,3,0
1782,train_data/1783.png,6,2,5,1
1783,train_data/1784.png,3,2,3,0
1784,train_data/1785.png,5,2,5,0
1785,train_data/1786.png,9,3,7,2
1786,train_data/1787.png,2,1,2,0
1787,train_data/1788.png,1,1,1,0
1788,train_data/1789.png,5,1,4,1
1789,train_data/1790.png,9,2,8,1
1790,train_data/1791.png,9,1,8,1
1791,train_data/1792.png,7,1,7,0
1792,train_data/1793.png,7,3,5,2
1793,train_data/1794.png,3,2,4,-1
1794,train_data/1795.png,2,2,2,0
1795,train_data/1796.png,7,2,7,0
1796,train_data/1797.png,8,3,5,3
1797,train_data/1798.png,4,1,4,0
1798,train_data/1799.png,5,1,5,0
1799,train_data/1800.png,5,2,4,1
1800,train_data/1801.png,4,1,4,0
1801,train_data/1802.png,3,3,3,0
1802,train_data/1803.png,1,3,1,0
1803,train_data/1804.png,7,1,7,0
1804,train_data/1805.png,9,1,9,0
1805,train_data/1806.png,8,2,7,1
1806,train_data/1807.png,9,2,8,1
1807,train_data/1808.png,9,2,8,1
1808,train_data/1809.png,1,2,1,0
1809,train_data/1810.png,3,2,3,0
1810,train_data/1811.png,6,1,5,1
1811,train_data/1812.png,1,1,1,0
1812,train_data/1813.png,4,3,1,3
1813,train_data/1814.png,1,3,0,1
1814,train_data/1815.png,6,2,4,2
1815,train_data/1816.png,1,1,1,0
1816,train_data/1817.png,6,3,6,0
1817,train_data/1818.png,7,3,6,1
1818,train_data/1819.png,3,1,3,0
1819,train_data/1820.png,6,3,3,3
1820,train_data/1821.png,2,2,1,1
1821,train_data/1822.png,2,1,2,0
1822,train_data/1823.png,4,1,4,0
1823,train_data/1824.png,5,3,4,1
1824,train_data/1825.png,4,3,2,2
1825,train_data/1826.png,1,1,1,0
1826,train_data/1827.png,7,3,6,1
1827,train_data/1828.png,5,2,5,0
1828,train_data/1829.png,5,3,4,1
1829,train_data/1830.png,6,2,4,2
1830,train_data/1831.png,9,1,8,1
1831,train_data/1832.png,5,1,5,0
1832,train_data/1833.png,9,1,8,1
1833,train_data/1834.png,5,3,4,1
1834,train_data/1835.png,9,3,8,1
1835,train_data/1836.png,2,2,3,-1
1836,train_data/1837.png,1,3,2,-1
1837,train_data/1838.png,6,2,6,0
1838,train_data/1839.png,6,2,4,2
1839,train_data/1840.png,4,3,4,0
1840,train_data/1841.png,8,2,6,2
1841,train_data/1842.png,5,1,5,0
1842,train_data/1843.png,3,1,2,1
1843,train_data/1844.png,9,1,9,0
1844,train_data/1845.png,4,3,3,1
1845,train_data/1846.png,9,3,9,0
1846,train_data/1847.png,8,1,7,1
1847,train_data/1848.png,3,1,3,0
1848,train_data/1849.png,5,3,4,1
1849,train_data/1850.png,2,3,1,1
1850,train_data/1851.png,6,1,6,0
1851,train_data/1852.png,4,2,4,0
1852,train_data/1853.png,9,3,9,0
1853,train_data/1854.png,2,3,2,0
1854,train_data/1855.png,0,3,0,0
1855,train_data/1856.png,1,3,1,0
1856,train_data/1857.png,8,1,7,1
1857,train_data/1858.png,9,2,9,0
1858,train_data/1859.png,9,3,10,-1
1859,train_data/1860.png,6,2,6,0
1860,train_data/1861.png,2,1,2,0
1861,train_data/1862.png,7,1,7,0
1862,train_data/1863.png,7,3,6,1
1863,train_data/1864.png,6,3,6,0
1864,train_data/1865.png,7,3,3,4
1865,train_data/1866.png,5,1,5,0
1866,train_data/1867.png,9,1,8,1
1867,train_data/1868.png,3,1,3,0
1868,train_data/1869.png,6,1,6,0
1869,train_data/1870.png,9,3,6,3
1870,train_data/1871.png,5,1,4,1
1871,train_data/1872.png,5,1,4,1
1872,train_data/1873.png,2,2,2,0
1873,train_data/1874.png,0,3,0,0
1874,train_data/1875.png,2,2,2,0
1875,train_data/1876.png,6,3,3,3
1876,train_data/1877.png,9,1,9,0
1877,train_data/1878.png,9,1,9,0
1878,train_data/1879.png,8,2,7,1
1879,train_data/1880.png,5,1,5,0
1880,train_data/1881.png,1,1,1,0
1881,train_data/1882.png,4,3,4,0
1882,train_data/1883.png,5,3,5,0
1883,train_data/1884.png,4,1,4,0
1884,train_data/1885.png,8,3,5,3
1885,train_data/1886.png,6,2,6,0
1886,train_data/1887.png,7,1,6,1
1887,train_data/1888.png,7,2,6,1
1888,train_data/1889.png,2,1,2,0
1889,train_data/1890.png,6,2,6,0
1890,train_data/1891.png,4,2,4,0
1891,train_data/1892.png,0,3,0,0
1892,train_data/1893.png,8,2,7,1
1893,train_data/1894.png,7,2,7,0
1894,train_data/1895.png,2,3,2,0
1895,train_data/1896.png,8,3,7,1
1896,train_data/1897.png,9,3,5,4
1897,train_data/1898.png,2,2,2,0
1898,train_data/1899.png,1,2,1,0
1899,train_data/1900.png,3,2,3,0
1900,train_data/1901.png,5,1,5,0
1901,train_data/1902.png,7,1,7,0
1902,train_data/1903.png,9,2,7,2
1903,train_data/1904.png,1,3,1,0
1904,train_data/1905.png,10,2,9,1
1905,train_data/1906.png,3,2,3,0
1906,train_data/1907.png,8,1,8,0
1907,train_data/1908.png,7,2,7,0
1908,train_data/1909.png,7,2,7,0
1909,train_data/1910.png,2,1,2,0
1910,train_data/1911.png,9,3,8,1
1911,train_data/1912.png,3,2,3,0
1912,train_data/1913.png,5,1,5,0
1913,train_data/1914.png,8,3,6,2
1914,train_data/1915.png,2,2,2,0
1915,train_data/1916.png,3,3,3,0
1916,train_data/1917.png,5,1,5,0
1917,train_data/1918.png,6,3,5,1
1918,train_data/1919.png,9,2,7,2
1919,train_data/1920.png,4,3,3,1
1920,train_data/1921.png,6,3,4,2
1921,train_data/1922.png,7,3,5,2
1922,train_data/1923.png,4,1,4,0
1923,train_data/1924.png,4,3,3,1
1924,train_data/1925.png,8,1,7,1
1925,train_data/1926.png,5,1,5,0
1926,train_data/1927.png,4,2,4,0
1927,train_data/1928.png,1,1,1,0
1928,train_data/1929.png,3,3,3,0
1929,train_data/1930.png,6,2,5,1
1930,train_data/1931.png,8,3,6,2
1931,train_data/1932.png,7,1,7,0
1932,train_data/1933.png,6,2,6,0
1933,train_data/1934.png,1,2,1,0
1934,train_data/1935.png,3,3,3,0
1935,train_data/1936.png,1,3,1,0
1936,train_data/1937.png,6,2,5,1
1937,train_data/1938.png,7,1,7,0
1938,train_data/1939.png,4,1,4,0
1939,train_data/1940.png,2,3,2,0
1940,train_data/1941.png,1,3,0,1
1941,train_data/1942.png,4,2,4,0
1942,train_data/1943.png,8,1,8,0
1943,train_data/1944.png,8,3,5,3
1944,train_data/1945.png,7,2,7,0
1945,train_data/1946.png,4,3,4,0
1946,train_data/1947.png,4,3,2,2
1947,train_data/1948.png,2,2,2,0
1948,train_data/1949.png,1,1,1,0
1949,train_data/1950.png,7,3,7,0
1950,train_data/1951.png,9,2,6,3
1951,train_data/1952.png,3,3,3,0
1952,train_data/1953.png,7,3,6,1
1953,train_data/1954.png,5,2,5,0
1954,train_data/1955.png,0,2,0,0
1955,train_data/1956.png,5,1,5,0
1956,train_data/1957.png,2,2,1,1
1957,train_data/1958.png,1,1,1,0
1958,train_data/1959.png,3,3,2,1
1959,train_data/1960.png,2,3,2,0
1960,train_data/1961.png,8,1,8,0
1961,train_data/1962.png,5,1,5,0
1962,train_data/1963.png,7,2,7,0
1963,train_data/1964.png,10,3,8,2
1964,train_data/1965.png,3,3,2,1
1965,train_data/1966.png,5,2,5,0
1966,train_data/1967.png,6,2,5,1
1967,train_data/1968.png,4,1,4,0
1968,train_data/1969.png,10,1,9,1
1969,train_data/1970.png,6,3,5,1
1970,train_data/1971.png,3,1,3,0
1971,train_data/1972.png,3,2,3,0
1972,train_data/1973.png,9,1,7,2
1973,train_data/1974.png,4,2,4,0
1974,train_data/1975.png,6,3,3,3
1975,train_data/1976.png,5,1,4,1
1976,train_data/1977.png,8,1,8,0
1977,train_data/1978.png,8,2,8,0
1978,train_data/1979.png,5,3,4,1
1979,train_data/1980.png,3,3,2,1
1980,train_data/1981.png,5,3,4,1
1981,train_data/1982.png,1,1,1,0
1982,train_data/1983.png,5,3,5,0
1983,train_data/1984.png,3,2,3,0
1984,train_data/1985.png,7,1,6,1
1985,train_data/1986.png,3,1,2,1
1986,train_data/1987.png,4,3,3,1
1987,train_data/1988.png,2,1,2,0
1988,train_data/1989.png,2,1,2,0
1989,train_data/1990.png,4,2,4,0
1990,train_data/1991.png,8,2,8,0
1991,train_data/1992.png,2,1,2,0
1992,train_data/1993.png,9,2,8,1
1993,train_data/1994.png,6,1,6,0
1994,train_data/1995.png,7,1,6,1
1995,train_data/1996.png,7,3,6,1
1996,train_data/1997.png,8,1,8,0
1997,train_data/1998.png,6,3,3,3
1998,train_data/1999.png,1,1,1,0
1999,train_data/2000.png,2,3,2,0
2000,train_data/2001.png,7,2,6,1
2001,train_data/2002.png,1,1,1,0
2002,train_data/2003.png,10,1,9,1
2003,train_data/2004.png,5,3,5,0
2004,train_data/2005.png,3,1,3,0
2005,train_data/2006.png,3,1,3,0
2006,train_data/2007.png,3,1,3,0
2007,train_data/2008.png,2,2,2,0
2008,train_data/2009.png,1,1,1,0
2009,train_data/2010.png,3,2,3,0
2010,train_data/2011.png,5,1,5,0
2011,train_data/2012.png,7,2,6,1
2012,train_data/2013.png,6,1,6,0
2013,train_data/2014.png,1,3,1,0
2014,train_data/2015.png,5,1,5,0
2015,train_data/2016.png,2,2,2,0
2016,train_data/2017.png,1,2,1,0
2017,train_data/2018.png,5,3,2,3
2018,train_data/2019.png,8,1,7,1
2019,train_data/2020.png,7,1,6,1
2020,train_data/2021.png,1,3,1,0
2021,train_data/2022.png,5,3,4,1
2022,train_data/2023.png,5,2,5,0
2023,train_data/2024.png,5,3,6,-1
2024,train_data/2025.png,6,1,5,1
2025,train_data/2026.png,8,1,7,1
2026,train_data/2027.png,1,3,1,0
2027,train_data/2028.png,7,2,6,1
2028,train_data/2029.png,10,1,10,0
2029,train_data/2030.png,9,3,5,4
2030,train_data/2031.png,3,1,3,0
2031,train_data/2032.png,8,1,8,0
2032,train_data/2033.png,3,1,3,0
2033,train_data/2034.png,1,3,1,0
2034,train_data/2035.png,8,1,7,1
2035,train_data/2036.png,2,2,2,0
2036,train_data/2037.png,8,1,8,0
2037,train_data/2038.png,2,1,2,0
2038,train_data/2039.png,2,3,1,1
2039,train_data/2040.png,2,3,2,0
2040,train_data/2041.png,7,2,7,0
2041,train_data/2042.png,7,2,7,0
2042,train_data/2043.png,6,3,7,-1
2043,train_data/2044.png,3,1,3,0
2044,train_data/2045.png,10,3,8,2
2045,train_data/2046.png,9,3,6,3
2046,train_data/2047.png,4,1,4,0
2047,train_data/2048.png,6,2,5,1
2048,train_data/2049.png,8,3,5,3
2049,train_data/2050.png,0,2,0,0
2050,train_data/2051.png,5,3,5,0
2051,train_data/2052.png,10,1,10,0
2052,train_data/2053.png,10,3,7,3
2053,train_data/2054.png,3,1,3,0
2054,train_data/2055.png,0,2,0,0
2055,train_data/2056.png,10,1,7,3
2056,train_data/2057.png,6,1,6,0
2057,train_data/2058.png,7,1,7,0
2058,train_data/2059.png,5,3,6,-1
2059,train_data/2060.png,5,1,5,0
2060,train_data/2061.png,2,3,1,1
2061,train_data/2062.png,6,3,4,2
2062,train_data/2063.png,3,1,3,0
2063,train_data/2064.png,6,3,3,3
2064,train_data/2065.png,5,3,5,0
2065,train_data/2066.png,10,2,10,0
2066,train_data/2067.png,2,2,2,0
2067,train_data/2068.png,3,2,3,0
2068,train_data/2069.png,3,1,3,0
2069,train_data/2070.png,1,1,1,0
2070,train_data/2071.png,4,2,4,0
2071,train_data/2072.png,3,2,3,0
2072,train_data/2073.png,3,3,2,1
2073,train_data/2074.png,6,1,6,0
2074,train_data/2075.png,5,1,5,0
2075,train_data/2076.png,1,1,1,0
2076,train_data/2077.png,6,3,4,2
2077,train_data/2078.png,4,1,4,0
2078,train_data/2079.png,7,1,6,1
2079,train_data/2080.png,6,1,6,0
2080,train_data/2081.png,4,3,2,2
2081,train_data/2082.png,1,2,1,0
2082,train_data/2083.png,8,2,7,1
2083,train_data/2084.png,9,1,9,0
2084,train_data/2085.png,8,3,5,3
2085,train_data/2086.png,8,2,8,0
2086,train_data/2087.png,3,2,3,0
2087,train_data/2088.png,6,2,6,0
2088,train_data/2089.png,1,3,1,0
2089,train_data/2090.png,8,3,5,3
2090,train_data/2091.png,2,3,2,0
2091,train_data/2092.png,3,3,2,1
2092,train_data/2093.png,6,3,3,3
2093,train_data/2094.png,6,1,6,0
2094,train_data/2095.png,2,1,2,0
2095,train_data/2096.png,3,2,3,0
2096,train_data/2097.png,4,1,4,0
2097,train_data/2098.png,2,3,1,1
2098,train_data/2099.png,4,2,4,0
2099,train_data/2100.png,7,1,7,0
2100,train_data/2101.png,1,2,1,0
2101,train_data/2102.png,4,2,3,1
2102,train_data/2103.png,7,1,7,0
2103,train_data/2104.png,7,1,7,0
2104,train_data/2105.png,10,2,10,0
2105,train_data/2106.png,0,2,0,0
2106,train_data/2107.png,8,3,8,0
2107,train_data/2108.png,5,3,4,1
2108,train_data/2109.png,4,2,5,-1
2109,train_data/2110.png,5,2,5,0
2110,train_data/2111.png,6,2,5,1
2111,train_data/2112.png,5,2,4,1
2112,train_data/2113.png,8,1,7,1
2113,train_data/2114.png,8,2,6,2
2114,train_data/2115.png,9,3,8,1
2115,train_data/2116.png,5,3,4,1
2116,train_data/2117.png,6,2,6,0
2117,train_data/2118.png,6,3,5,1
2118,train_data/2119.png,4,2,4,0
2119,train_data/2120.png,4,2,4,0
2120,train_data/2121.png,2,1,2,0
2121,train_data/2122.png,5,1,5,0
2122,train_data/2123.png,3,1,3,0
2123,train_data/2124.png,9,2,8,1
2124,train_data/2125.png,9,3,8,1
2125,train_data/2126.png,6,2,6,0
2126,train_data/2127.png,10,1,9,1
2127,train_data/2128.png,7,2,7,0
2128,train_data/2129.png,8,2,7,1
2129,train_data/2130.png,1,3,1,0
2130,train_data/2131.png,8,3,6,2
2131,train_data/2132.png,8,2,7,1
2132,train_data/2133.png,4,2,4,0
2133,train_data/2134.png,7,1,5,2
2134,train_data/2135.png,6,3,4,2
2135,train_data/2136.png,1,3,1,0
2136,train_data/2137.png,5,2,4,1
2137,train_data/2138.png,3,2,3,0
2138,train_data/2139.png,8,2,7,1
2139,train_data/2140.png,3,1,3,0
2140,train_data/2141.png,10,2,8,2
2141,train_data/2142.png,8,2,8,0
2142,train_data/2143.png,0,2,1,-1
2143,train_data/2144.png,6,2,5,1
2144,train_data/2145.png,4,1,4,0
2145,train_data/2146.png,6,3,3,3
2146,train_data/2147.png,8,2,7,1
2147,train_data/2148.png,3,2,2,1
2148,train_data/2149.png,1,2,1,0
2149,train_data/2150.png,5,1,5,0
2150,train_data/2151.png,5,2,5,0
2151,train_data/2152.png,1,3,1,0
2152,train_data/2153.png,1,3,1,0
2153,train_data/2154.png,6,2,5,1
2154,train_data/2155.png,6,2,6,0
2155,train_data/2156.png,3,1,3,0
2156,train_data/2157.png,1,3,1,0
2157,train_data/2158.png,1,2,1,0
2158,train_data/2159.png,4,3,4,0
2159,train_data/2160.png,2,1,2,0
2160,train_data/2161.png,8,2,8,0
2161,train_data/2162.png,5,1,5,0
2162,train_data/2163.png,7,1,7,0
2163,train_data/2164.png,6,1,6,0
2164,train_data/2165.png,7,2,7,0
2165,train_data/2166.png,9,1,8,1
2166,train_data/2167.png,3,2,3,0
2167,train_data/2168.png,4,2,4,0
2168,train_data/2169.png,9,3,7,2
2169,train_data/2170.png,1,1,1,0
2170,train_data/2171.png,1,1,0,1
2171,train_data/2172.png,9,3,7,2
2172,train_data/2173.png,4,2,4,0
2173,train_data/2174.png,3,3,3,0
2174,train_data/2175.png,6,2,6,0
2175,train_data/2176.png,7,3,4,3
2176,train_data/2177.png,6,3,4,2
2177,train_data/2178.png,7,2,7,0
2178,train_data/2179.png,7,1,7,0
2179,train_data/2180.png,0,3,0,0
2180,train_data/2181.png,7,2,5,2
2181,train_data/2182.png,9,1,9,0
2182,train_data/2183.png,1,2,1,0
2183,train_data/2184.png,7,1,6,1
2184,train_data/2185.png,0,2,0,0
2185,train_data/2186.png,1,2,1,0
2186,train_data/2187.png,10,3,7,3
2187,train_data/2188.png,9,2,9,0
2188,train_data/2189.png,1,1,1,0
2189,train_data/2190.png,7,3,7,0
2190,train_data/2191.png,3,2,3,0
2191,train_data/2192.png,4,3,4,0
2192,train_data/2193.png,8,1,7,1
2193,train_data/2194.png,2,2,1,1
2194,train_data/2195.png,1,2,1,0
2195,train_data/2196.png,8,3,7,1
2196,train_data/2197.png,10,2,10,0
2197,train_data/2198.png,10,1,9,1
2198,train_data/2199.png,1,3,1,0
2199,train_data/2200.png,2,2,2,0
2200,train_data/2201.png,8,2,7,1
2201,train_data/2202.png,6,2,6,0
2202,train_data/2203.png,5,3,5,0
2203,train_data/2204.png,4,3,2,2
2204,train_data/2205.png,1,3,1,0
2205,train_data/2206.png,9,1,9,0
2206,train_data/2207.png,6,3,3,3
2207,train_data/2208.png,10,1,10,0
2208,train_data/2209.png,5,2,5,0
2209,train_data/2210.png,8,3,7,1
2210,train_data/2211.png,4,2,4,0
2211,train_data/2212.png,1,3,1,0
2212,train_data/2213.png,8,3,7,1
2213,train_data/2214.png,6,1,6,0
2214,train_data/2215.png,9,3,8,1
2215,train_data/2216.png,1,2,1,0
2216,train_data/2217.png,7,3,9,-2
2217,train_data/2218.png,2,2,2,0
2218,train_data/2219.png,8,2,9,-1
2219,train_data/2220.png,4,1,4,0
2220,train_data/2221.png,10,2,9,1
2221,train_data/2222.png,9,1,8,1
2222,train_data/2223.png,8,3,7,1
2223,train_data/2224.png,9,3,5,4
2224,train_data/2225.png,0,3,0,0
2225,train_data/2226.png,9,3,8,1
2226,train_data/2227.png,8,2,6,2
2227,train_data/2228.png,7,1,7,0
2228,train_data/2229.png,10,3,6,4
2229,train_data/2230.png,2,1,2,0
2230,train_data/2231.png,2,1,2,0
2231,train_data/2232.png,3,2,3,0
2232,train_data/2233.png,6,1,6,0
2233,train_data/2234.png,3,3,3,0
2234,train_data/2235.png,6,3,4,2
2235,train_data/2236.png,5,2,5,0
2236,train_data/2237.png,4,1,4,0
2237,train_data/2238.png,4,1,3,1
2238,train_data/2239.png,6,1,6,0
2239,train_data/2240.png,8,2,7,1
2240,train_data/2241.png,3,3,3,0
2241,train_data/2242.png,7,1,5,2
2242,train_data/2243.png,2,2,2,0
2243,train_data/2244.png,5,3,4,1
2244,train_data/2245.png,6,1,5,1
2245,train_data/2246.png,1,2,2,-1
2246,train_data/2247.png,9,3,5,4
2247,train_data/2248.png,10,2,8,2
2248,train_data/2249.png,8,3,7,1
2249,train_data/2250.png,1,2,1,0
2250,train_data/2251.png,6,2,3,3
2251,train_data/2252.png,1,2,1,0
2252,train_data/2253.png,8,2,7,1
2253,train_data/2254.png,1,2,1,0
2254,train_data/2255.png,4,3,3,1
2255,train_data/2256.png,5,1,5,0
2256,train_data/2257.png,7,1,6,1
2257,train_data/2258.png,6,3,5,1
2258,train_data/2259.png,8,3,6,2
2259,train_data/2260.png,8,1,7,1
2260,train_data/2261.png,1,2,1,0
2261,train_data/2262.png,9,2,9,0
2262,train_data/2263.png,7,1,5,2
2263,train_data/2264.png,4,3,4,0
2264,train_data/2265.png,2,3,2,0
2265,train_data/2266.png,7,3,6,1
2266,train_data/2267.png,7,3,7,0
2267,train_data/2268.png,8,3,5,3
2268,train_data/2269.png,9,1,9,0
2269,train_data/2270.png,2,2,2,0
2270,train_data/2271.png,9,1,9,0
2271,train_data/2272.png,10,3,8,2
2272,train_data/2273.png,4,1,4,0
2273,train_data/2274.png,6,3,5,1
2274,train_data/2275.png,1,3,1,0
2275,train_data/2276.png,0,3,1,-1
2276,train_data/2277.png,4,3,5,-1
2277,train_data/2278.png,9,3,7,2
2278,train_data/2279.png,2,3,1,1
2279,train_data/2280.png,3,1,3,0
2280,train_data/2281.png,6,3,6,0
2281,train_data/2282.png,1,3,1,0
2282,train_data/2283.png,10,3,7,3
2283,train_data/2284.png,9,2,9,0
2284,train_data/2285.png,3,3,2,1
2285,train_data/2286.png,3,3,2,1
2286,train_data/2287.png,10,3,7,3
2287,train_data/2288.png,10,1,9,1
2288,train_data/2289.png,1,1,1,0
2289,train_data/2290.png,7,2,7,0
2290,train_data/2291.png,5,1,5,0
2291,train_data/2292.png,0,3,0,0
2292,train_data/2293.png,9,1,9,0
2293,train_data/2294.png,6,2,6,0
2294,train_data/2295.png,7,2,7,0
2295,train_data/2296.png,1,1,1,0
2296,train_data/2297.png,6,1,6,0
2297,train_data/2298.png,3,1,2,1
2298,train_data/2299.png,5,3,5,0
2299,train_data/2300.png,10,1,9,1
2300,train_data/2301.png,10,1,10,0
2301,train_data/2302.png,1,1,1,0
2302,train_data/2303.png,4,2,4,0
2303,train_data/2304.png,7,3,6,1
2304,train_data/2305.png,9,2,9,0
2305,train_data/2306.png,8,1,8,0
2306,train_data/2307.png,8,3,9,-1
2307,train_data/2308.png,0,2,0,0
2308,train_data/2309.png,10,3,9,1
2309,train_data/2310.png,4,1,4,0
2310,train_data/2311.png,10,1,9,1
2311,train_data/2312.png,1,3,1,0
2312,train_data/2313.png,3,2,2,1
2313,train_data/2314.png,4,2,4,0
2314,train_data/2315.png,8,1,8,0
2315,train_data/2316.png,5,2,5,0
2316,train_data/2317.png,5,1,4,1
2317,train_data/2318.png,6,3,6,0
2318,train_data/2319.png,7,2,7,0
2319,train_data/2320.png,7,2,7,0
2320,train_data/2321.png,9,1,9,0
2321,train_data/2322.png,0,3,0,0
2322,train_data/2323.png,4,2,4,0
2323,train_data/2324.png,5,2,4,1
2324,train_data/2325.png,0,2,0,0
2325,train_data/2326.png,7,2,7,0
2326,train_data/2327.png,8,1,8,0
2327,train_data/2328.png,5,3,3,2
2328,train_data/2329.png,10,1,10,0
2329,train_data/2330.png,9,2,9,0
2330,train_data/2331.png,7,2,5,2
2331,train_data/2332.png,8,2,7,1
2332,train_data/2333.png,4,1,4,0
2333,train_data/2334.png,1,2,1,0
2334,train_data/2335.png,10,2,8,2
2335,train_data/2336.png,10,3,7,3
2336,train_data/2337.png,2,3,1,1
2337,train_data/2338.png,7,3,7,0
2338,train_data/2339.png,4,2,4,0
2339,train_data/2340.png,1,1,1,0
2340,train_data/2341.png,4,3,1,3
2341,train_data/2342.png,4,3,2,2
2342,train_data/2343.png,4,1,4,0
2343,train_data/2344.png,1,1,1,0
2344,train_data/2345.png,3,2,2,1
2345,train_data/2346.png,4,3,3,1
2346,train_data/2347.png,6,2,4,2
2347,train_data/2348.png,1,3,1,0
2348,train_data/2349.png,8,1,8,0
2349,train_data/2350.png,5,2,5,0
2350,train_data/2351.png,6,1,6,0
2351,train_data/2352.png,9,2,8,1
2352,train_data/2353.png,8,2,7,1
2353,train_data/2354.png,1,3,1,0
2354,train_data/2355.png,10,1,9,1
2355,train_data/2356.png,8,1,8,0
2356,train_data/2357.png,10,2,10,0
2357,train_data/2358.png,1,1,1,0
2358,train_data/2359.png,10,3,3,7
2359,train_data/2360.png,1,1,1,0
2360,train_data/2361.png,3,3,3,0
2361,train_data/2362.png,6,3,4,2
2362,train_data/2363.png,9,2,9,0
2363,train_data/2364.png,9,3,8,1
2364,train_data/2365.png,9,2,9,0
2365,train_data/2366.png,4,1,4,0
2366,train_data/2367.png,3,2,3,0
2367,train_data/2368.png,1,1,1,0
2368,train_data/2369.png,10,1,9,1
2369,train_data/2370.png,1,1,0,1
2370,train_data/2371.png,7,3,5,2
2371,train_data/2372.png,3,1,3,0
2372,train_data/2373.png,2,2,2,0
2373,train_data/2374.png,10,3,8,2
2374,train_data/2375.png,9,2,8,1
2375,train_data/2376.png,7,3,7,0
2376,train_data/2377.png,8,3,9,-1
2377,train_data/2378.png,5,3,4,1
2378,train_data/2379.png,8,1,8,0
2379,train_data/2380.png,9,2,8,1
2380,train_data/2381.png,3,3,2,1
2381,train_data/2382.png,7,3,5,2
2382,train_data/2383.png,1,3,1,0
2383,train_data/2384.png,9,3,8,1
2384,train_data/2385.png,8,3,7,1
2385,train_data/2386.png,8,3,7,1
2386,train_data/2387.png,8,3,7,1
2387,train_data/2388.png,8,2,7,1
2388,train_data/2389.png,2,3,1,1
2389,train_data/2390.png,8,3,6,2
2390,train_data/2391.png,5,1,5,0
2391,train_data/2392.png,2,2,2,0
2392,train_data/2393.png,4,1,4,0
2393,train_data/2394.png,6,1,5,1
2394,train_data/2395.png,10,3,9,1
2395,train_data/2396.png,4,1,4,0
2396,train_data/2397.png,8,2,9,-1
2397,train_data/2398.png,0,3,0,0
2398,train_data/2399.png,4,2,4,0
2399,train_data/2400.png,10,1,8,2
2400,train_data/2401.png,7,3,5,2
2401,train_data/2402.png,9,2,9,0
2402,train_data/2403.png,2,1,2,0
2403,train_data/2404.png,0,2,0,0
2404,train_data/2405.png,6,2,4,2
2405,train_data/2406.png,3,3,3,0
2406,train_data/2407.png,4,2,4,0
2407,train_data/2408.png,3,1,3,0
2408,train_data/2409.png,3,3,3,0
2409,train_data/2410.png,6,1,6,0
2410,train_data/2411.png,5,3,5,0
2411,train_data/2412.png,4,2,4,0
2412,train_data/2413.png,8,3,7,1
2413,train_data/2414.png,10,1,10,0
2414,train_data/2415.png,3,3,2,1
2415,train_data/2416.png,10,3,7,3
2416,train_data/2417.png,5,2,5,0
2417,train_data/2418.png,1,2,1,0
2418,train_data/2419.png,6,3,5,1
2419,train_data/2420.png,4,2,4,0
2420,train_data/2421.png,10,1,9,1
2421,train_data/2422.png,1,3,1,0
2422,train_data/2423.png,7,2,7,0
2423,train_data/2424.png,8,2,6,2
2424,train_data/2425.png,3,1,3,0
2425,train_data/2426.png,9,2,9,0
2426,train_data/2427.png,3,3,2,1
2427,train_data/2428.png,8,1,8,0
2428,train_data/2429.png,8,1,8,0
2429,train_data/2430.png,9,1,9,0
2430,train_data/2431.png,1,1,1,0
2431,train_data/2432.png,1,3,1,0
2432,train_data/2433.png,3,1,3,0
2433,train_data/2434.png,9,2,7,2
2434,train_data/2435.png,1,1,1,0
2435,train_data/2436.png,0,3,1,-1
2436,train_data/2437.png,3,1,3,0
2437,train_data/2438.png,9,1,8,1
2438,train_data/2439.png,5,1,5,0
2439,train_data/2440.png,8,2,8,0
2440,train_data/2441.png,8,1,7,1
2441,train_data/2442.png,7,3,5,2
2442,train_data/2443.png,5,1,5,0
2443,train_data/2444.png,2,1,2,0
2444,train_data/2445.png,5,2,5,0
2445,train_data/2446.png,8,1,8,0
2446,train_data/2447.png,9,1,8,1
2447,train_data/2448.png,5,1,5,0
2448,train_data/2449.png,3,3,2,1
2449,train_data/2450.png,4,3,3,1
2450,train_data/2451.png,1,3,1,0
2451,train_data/2452.png,7,1,7,0
2452,train_data/2453.png,1,2,1,0
2453,train_data/2454.png,10,1,10,0
2454,train_data/2455.png,2,1,2,0
2455,train_data/2456.png,6,2,6,0
2456,train_data/2457.png,3,1,3,0
2457,train_data/2458.png,4,3,4,0
2458,train_data/2459.png,2,1,1,1
2459,train_data/2460.png,6,2,6,0
2460,train_data/2461.png,6,1,6,0
2461,train_data/2462.png,8,3,9,-1
2462,train_data/2463.png,4,1,4,0
2463,train_data/2464.png,0,2,0,0
2464,train_data/2465.png,2,3,2,0
2465,train_data/2466.png,8,3,7,1
2466,train_data/2467.png,3,3,1,2
2467,train_data/2468.png,3,1,3,0
2468,train_data/2469.png,3,2,3,0
2469,train_data/2470.png,8,3,7,1
2470,train_data/2471.png,6,1,4,2
2471,train_data/2472.png,2,1,2,0
2472,train_data/2473.png,8,3,6,2
2473,train_data/2474.png,6,1,6,0
2474,train_data/2475.png,9,2,7,2
2475,train_data/2476.png,1,3,1,0
2476,train_data/2477.png,3,3,1,2
2477,train_data/2478.png,9,2,9,0
2478,train_data/2479.png,6,3,5,1
2479,train_data/2480.png,3,3,3,0
2480,train_data/2481.png,2,1,2,0
2481,train_data/2482.png,3,2,3,0
2482,train_data/2483.png,1,1,1,0
2483,train_data/2484.png,10,2,10,0
2484,train_data/2485.png,2,2,2,0
2485,train_data/2486.png,4,3,4,0
2486,train_data/2487.png,8,3,6,2
2487,train_data/2488.png,1,3,0,1
2488,train_data/2489.png,4,3,1,3
2489,train_data/2490.png,2,1,2,0
2490,train_data/2491.png,9,1,9,0
2491,train_data/2492.png,8,1,7,1
2492,train_data/2493.png,9,1,8,1
2493,train_data/2494.png,5,2,5,0
2494,train_data/2495.png,8,3,6,2
2495,train_data/2496.png,6,2,6,0
2496,train_data/2497.png,4,2,4,0
2497,train_data/2498.png,4,3,3,1
2498,train_data/2499.png,4,1,4,0
2499,train_data/2500.png,2,1,2,0
2500,train_data/2501.png,7,1,6,1
2501,train_data/2502.png,9,2,8,1
2502,train_data/2503.png,10,3,9,1
2503,train_data/2504.png,7,3,6,1
2504,train_data/2505.png,1,3,1,0
2505,train_data/2506.png,1,2,1,0
2506,train_data/2507.png,5,3,4,1
2507,train_data/2508.png,1,3,1,0
2508,train_data/2509.png,4,3,3,1
2509,train_data/2510.png,2,3,2,0
2510,train_data/2511.png,7,1,6,1
2511,train_data/2512.png,7,2,6,1
2512,train_data/2513.png,8,2,7,1
2513,train_data/2514.png,8,2,7,1
2514,train_data/2515.png,9,3,7,2
2515,train_data/2516.png,6,2,4,2
2516,train_data/2517.png,8,1,8,0
2517,train_data/2518.png,10,1,10,0
2518,train_data/2519.png,10,1,8,2
2519,train_data/2520.png,8,2,8,0
2520,train_data/2521.png,6,2,7,-1
2521,train_data/2522.png,5,2,6,-1
2522,train_data/2523.png,5,2,5,0
2523,train_data/2524.png,4,1,4,0
2524,train_data/2525.png,1,1,1,0
2525,train_data/2526.png,6,3,5,1
2526,train_data/2527.png,9,1,9,0
2527,train_data/2528.png,9,3,3,6
2528,train_data/2529.png,5,1,4,1
2529,train_data/2530.png,10,3,7,3
2530,train_data/2531.png,10,1,10,0
2531,train_data/2532.png,4,3,3,1
2532,train_data/2533.png,0,3,0,0
2533,train_data/2534.png,9,1,8,1
2534,train_data/2535.png,0,3,0,0
2535,train_data/2536.png,2,1,2,0
2536,train_data/2537.png,7,3,6,1
2537,train_data/2538.png,5,2,5,0
2538,train_data/2539.png,3,3,3,0
2539,train_data/2540.png,8,3,5,3
2540,train_data/2541.png,5,1,5,0
2541,train_data/2542.png,6,2,5,1
2542,train_data/2543.png,2,3,3,-1
2543,train_data/2544.png,7,3,6,1
2544,train_data/2545.png,9,3,8,1
2545,train_data/2546.png,1,2,1,0
2546,train_data/2547.png,3,2,3,0
2547,train_data/2548.png,1,2,2,-1
2548,train_data/2549.png,2,2,2,0
2549,train_data/2550.png,6,1,5,1
2550,train_data/2551.png,8,2,8,0
2551,train_data/2552.png,8,2,7,1
2552,train_data/2553.png,1,1,1,0
2553,train_data/2554.png,6,3,6,0
2554,train_data/2555.png,7,3,5,2
2555,train_data/2556.png,6,1,6,0
2556,train_data/2557.png,10,1,9,1
2557,train_data/2558.png,4,2,4,0
2558,train_data/2559.png,4,1,4,0
2559,train_data/2560.png,3,3,3,0
2560,train_data/2561.png,3,3,2,1
2561,train_data/2562.png,7,3,5,2
2562,train_data/2563.png,8,2,7,1
2563,train_data/2564.png,2,2,2,0
2564,train_data/2565.png,6,3,6,0
2565,train_data/2566.png,5,1,5,0
2566,train_data/2567.png,4,1,4,0
2567,train_data/2568.png,7,3,4,3
2568,train_data/2569.png,7,2,7,0
2569,train_data/2570.png,8,2,8,0
2570,train_data/2571.png,6,2,6,0
2571,train_data/2572.png,4,1,4,0
2572,train_data/2573.png,8,2,8,0
2573,train_data/2574.png,9,3,6,3
2574,train_data/2575.png,0,2,0,0
2575,train_data/2576.png,8,2,8,0
2576,train_data/2577.png,1,3,1,0
2577,train_data/2578.png,3,1,3,0
2578,train_data/2579.png,9,1,9,0
2579,train_data/2580.png,3,2,3,0
2580,train_data/2581.png,7,1,6,1
2581,train_data/2582.png,1,1,1,0
2582,train_data/2583.png,9,2,8,1
2583,train_data/2584.png,3,1,3,0
2584,train_data/2585.png,8,1,8,0
2585,train_data/2586.png,9,3,7,2
2586,train_data/2587.png,0,2,0,0
2587,train_data/2588.png,8,2,7,1
2588,train_data/2589.png,8,1,8,0
2589,train_data/2590.png,8,3,7,1
2590,train_data/2591.png,9,1,7,2
2591,train_data/2592.png,6,3,6,0
2592,train_data/2593.png,1,3,1,0
2593,train_data/2594.png,6,1,6,0
2594,train_data/2595.png,6,3,5,1
2595,train_data/2596.png,1,2,1,0
2596,train_data/2597.png,6,1,6,0
2597,train_data/2598.png,8,2,8,0
2598,train_data/2599.png,4,3,3,1
2599,train_data/2600.png,2,2,2,0
2600,train_data/2601.png,3,3,3,0
2601,train_data/2602.png,3,1,3,0
2602,train_data/2603.png,1,2,1,0
2603,train_data/2604.png,8,3,5,3
2604,train_data/2605.png,8,2,8,0
2605,train_data/2606.png,8,1,7,1
2606,train_data/2607.png,5,2,5,0
2607,train_data/2608.png,2,1,1,1
2608,train_data/2609.png,2,3,1,1
2609,train_data/2610.png,5,3,5,0
2610,train_data/2611.png,3,2,3,0
2611,train_data/2612.png,5,3,4,1
2612,train_data/2613.png,2,2,2,0
2613,train_data/2614.png,7,1,7,0
2614,train_data/2615.png,3,3,3,0
2615,train_data/2616.png,4,2,4,0
2616,train_data/2617.png,6,3,7,-1
2617,train_data/2618.png,1,3,1,0
2618,train_data/2619.png,8,1,8,0
2619,train_data/2620.png,4,3,1,3
2620,train_data/2621.png,1,1,1,0
2621,train_data/2622.png,9,2,9,0
2622,train_data/2623.png,2,3,2,0
2623,train_data/2624.png,9,3,7,2
2624,train_data/2625.png,9,2,8,1
2625,train_data/2626.png,9,2,9,0
2626,train_data/2627.png,3,2,3,0
2627,train_data/2628.png,9,1,9,0
2628,train_data/2629.png,7,3,4,3
2629,train_data/2630.png,2,3,2,0
2630,train_data/2631.png,4,3,4,0
2631,train_data/2632.png,5,2,5,0
2632,train_data/2633.png,0,3,0,0
2633,train_data/2634.png,2,3,1,1
2634,train_data/2635.png,3,2,2,1
2635,train_data/2636.png,3,1,3,0
2636,train_data/2637.png,5,3,2,3
2637,train_data/2638.png,1,3,1,0
2638,train_data/2639.png,2,2,2,0
2639,train_data/2640.png,1,3,0,1
2640,train_data/2641.png,3,3,3,0
2641,train_data/2642.png,4,1,4,0
2642,train_data/2643.png,10,2,9,1
2643,train_data/2644.png,5,1,5,0
2644,train_data/2645.png,2,3,2,0
2645,train_data/2646.png,5,1,4,1
2646,train_data/2647.png,6,2,6,0
2647,train_data/2648.png,3,1,3,0
2648,train_data/2649.png,3,2,3,0
2649,train_data/2650.png,9,2,9,0
2650,train_data/2651.png,4,1,3,1
2651,train_data/2652.png,4,3,3,1
2652,train_data/2653.png,1,2,1,0
2653,train_data/2654.png,1,2,0,1
2654,train_data/2655.png,9,3,5,4
2655,train_data/2656.png,8,3,6,2
2656,train_data/2657.png,6,1,5,1
2657,train_data/2658.png,8,2,7,1
2658,train_data/2659.png,3,3,3,0
2659,train_data/2660.png,1,2,1,0
2660,train_data/2661.png,7,2,6,1
2661,train_data/2662.png,1,2,1,0
2662,train_data/2663.png,4,3,4,0
2663,train_data/2664.png,1,1,1,0
2664,train_data/2665.png,9,2,7,2
2665,train_data/2666.png,2,3,1,1
2666,train_data/2667.png,7,1,7,0
2667,train_data/2668.png,4,3,3,1
2668,train_data/2669.png,9,2,9,0
2669,train_data/2670.png,2,2,2,0
2670,train_data/2671.png,4,3,3,1
2671,train_data/2672.png,9,1,8,1
2672,train_data/2673.png,4,1,4,0
2673,train_data/2674.png,2,1,2,0
2674,train_data/2675.png,4,3,4,0
2675,train_data/2676.png,6,3,3,3
2676,train_data/2677.png,10,3,10,0
2677,train_data/2678.png,5,3,4,1
2678,train_data/2679.png,2,2,2,0
2679,train_data/2680.png,9,1,9,0
2680,train_data/2681.png,5,1,4,1
2681,train_data/2682.png,8,2,8,0
2682,train_data/2683.png,8,1,8,0
2683,train_data/2684.png,6,1,5,1
2684,train_data/2685.png,7,1,7,0
2685,train_data/2686.png,2,2,2,0
2686,train_data/2687.png,7,1,6,1
2687,train_data/2688.png,5,2,5,0
2688,train_data/2689.png,2,2,1,1
2689,train_data/2690.png,3,3,3,0
2690,train_data/2691.png,0,3,0,0
2691,train_data/2692.png,2,1,2,0
2692,train_data/2693.png,1,2,1,0
2693,train_data/2694.png,2,1,2,0
2694,train_data/2695.png,1,3,1,0
2695,train_data/2696.png,8,3,8,0
2696,train_data/2697.png,2,1,2,0
2697,train_data/2698.png,9,3,7,2
2698,train_data/2699.png,5,1,5,0
2699,train_data/2700.png,6,3,6,0
2700,train_data/2701.png,2,1,2,0
2701,train_data/2702.png,8,3,6,2
2702,train_data/2703.png,7,3,7,0
2703,train_data/2704.png,4,1,4,0
2704,train_data/2705.png,5,1,5,0
2705,train_data/2706.png,3,1,3,0
2706,train_data/2707.png,7,2,6,1
2707,train_data/2708.png,7,3,6,1
2708,train_data/2709.png,9,1,8,1
2709,train_data/2710.png,1,1,1,0
2710,train_data/2711.png,4,3,4,0
2711,train_data/2712.png,1,2,0,1
2712,train_data/2713.png,8,1,8,0
2713,train_data/2714.png,2,3,2,0
2714,train_data/2715.png,10,1,10,0
2715,train_data/2716.png,6,3,4,2
2716,train_data/2717.png,2,2,2,0
2717,train_data/2718.png,4,3,3,1
2718,train_data/2719.png,5,2,5,0
2719,train_data/2720.png,8,3,8,0
2720,train_data/2721.png,5,3,5,0
2721,train_data/2722.png,4,1,4,0
2722,train_data/2723.png,6,2,6,0
2723,train_data/2724.png,4,2,4,0
2724,train_data/2725.png,9,3,7,2
2725,train_data/2726.png,6,2,4,2
2726,train_data/2727.png,10,3,8,2
2727,train_data/2728.png,7,1,6,1
2728,train_data/2729.png,1,2,1,0
2729,train_data/2730.png,8,3,6,2
2730,train_data/2731.png,9,1,9,0
2731,train_data/2732.png,9,3,10,-1
2732,train_data/2733.png,3,3,2,1
2733,train_data/2734.png,1,2,1,0
2734,train_data/2735.png,4,3,3,1
2735,train_data/2736.png,8,2,8,0
2736,train_data/2737.png,3,1,3,0
2737,train_data/2738.png,2,3,2,0
2738,train_data/2739.png,8,2,7,1
2739,train_data/2740.png,10,1,8,2
2740,train_data/2741.png,0,3,0,0
2741,train_data/2742.png,6,3,4,2
2742,train_data/2743.png,5,3,3,2
2743,train_data/2744.png,4,3,4,0
2744,train_data/2745.png,6,1,5,1
2745,train_data/2746.png,2,1,2,0
2746,train_data/2747.png,5,2,5,0
2747,train_data/2748.png,5,1,5,0
2748,train_data/2749.png,5,3,4,1
2749,train_data/2750.png,9,1,9,0
2750,train_data/2751.png,1,2,1,0
2751,train_data/2752.png,6,2,5,1
2752,train_data/2753.png,6,3,6,0
2753,train_data/2754.png,8,2,8,0
2754,train_data/2755.png,7,2,8,-1
2755,train_data/2756.png,5,3,3,2
2756,train_data/2757.png,1,3,0,1
2757,train_data/2758.png,1,3,1,0
2758,train_data/2759.png,2,3,1,1
2759,train_data/2760.png,5,1,5,0
2760,train_data/2761.png,4,3,3,1
2761,train_data/2762.png,4,1,4,0
2762,train_data/2763.png,6,2,6,0
2763,train_data/2764.png,3,2,3,0
2764,train_data/2765.png,9,2,7,2
2765,train_data/2766.png,1,2,2,-1
2766,train_data/2767.png,2,2,1,1
2767,train_data/2768.png,3,3,3,0
2768,train_data/2769.png,3,1,3,0
2769,train_data/2770.png,7,3,4,3
2770,train_data/2771.png,1,2,1,0
2771,train_data/2772.png,5,2,4,1
2772,train_data/2773.png,7,2,6,1
2773,train_data/2774.png,4,3,4,0
2774,train_data/2775.png,1,1,1,0
2775,train_data/2776.png,8,3,8,0
2776,train_data/2777.png,3,2,3,0
2777,train_data/2778.png,1,1,1,0
2778,train_data/2779.png,9,1,9,0
2779,train_data/2780.png,6,3,6,0
2780,train_data/2781.png,2,1,2,0
2781,train_data/2782.png,6,3,5,1
2782,train_data/2783.png,6,1,6,0
2783,train_data/2784.png,4,2,3,1
2784,train_data/2785.png,7,1,7,0
2785,train_data/2786.png,6,2,5,1
2786,train_data/2787.png,1,1,1,0
2787,train_data/2788.png,7,3,7,0
2788,train_data/2789.png,5,2,5,0
2789,train_data/2790.png,9,3,6,3
2790,train_data/2791.png,7,3,6,1
2791,train_data/2792.png,2,2,2,0
2792,train_data/2793.png,1,2,1,0
2793,train_data/2794.png,1,3,1,0
2794,train_data/2795.png,0,2,0,0
2795,train_data/2796.png,10,3,5,5
2796,train_data/2797.png,8,3,8,0
2797,train_data/2798.png,5,3,4,1
2798,train_data/2799.png,6,2,6,0
2799,train_data/2800.png,1,2,1,0
2800,train_data/2801.png,10,3,7,3
2801,train_data/2802.png,0,3,0,0
2802,train_data/2803.png,2,1,2,0
2803,train_data/2804.png,1,3,1,0
2804,train_data/2805.png,0,2,0,0
2805,train_data/2806.png,8,2,6,2
2806,train_data/2807.png,5,2,5,0
2807,train_data/2808.png,1,1,1,0
2808,train_data/2809.png,5,2,5,0
2809,train_data/2810.png,8,2,6,2
2810,train_data/2811.png,8,1,8,0
2811,train_data/2812.png,4,1,3,1
2812,train_data/2813.png,7,1,7,0
2813,train_data/2814.png,4,3,3,1
2814,train_data/2815.png,4,1,4,0
2815,train_data/2816.png,9,1,8,1
2816,train_data/2817.png,5,3,3,2
2817,train_data/2818.png,3,2,3,0
2818,train_data/2819.png,1,3,1,0
2819,train_data/2820.png,6,1,6,0
2820,train_data/2821.png,10,1,10,0
2821,train_data/2822.png,3,2,3,0
2822,train_data/2823.png,3,2,3,0
2823,train_data/2824.png,2,1,2,0
2824,train_data/2825.png,9,2,9,0
2825,train_data/2826.png,4,3,3,1
2826,train_data/2827.png,6,3,5,1
2827,train_data/2828.png,5,2,4,1
2828,train_data/2829.png,1,3,1,0
2829,train_data/2830.png,9,2,9,0
2830,train_data/2831.png,1,3,1,0
2831,train_data/2832.png,0,2,0,0
2832,train_data/2833.png,9,2,8,1
2833,train_data/2834.png,1,3,1,0
2834,train_data/2835.png,4,2,4,0
2835,train_data/2836.png,9,2,8,1
2836,train_data/2837.png,7,2,7,0
2837,train_data/2838.png,5,1,5,0
2838,train_data/2839.png,5,1,5,0
2839,train_data/2840.png,10,3,6,4
2840,train_data/2841.png,1,2,1,0
2841,train_data/2842.png,8,2,8,0
2842,train_data/2843.png,1,1,1,0
2843,train_data/2844.png,7,2,7,0
2844,train_data/2845.png,5,3,3,2
2845,train_data/2846.png,9,1,9,0
2846,train_data/2847.png,2,2,2,0
2847,train_data/2848.png,9,1,9,0
2848,train_data/2849.png,1,1,1,0
2849,train_data/2850.png,4,2,3,1
2850,train_data/2851.png,7,2,7,0
2851,train_data/2852.png,7,3,7,0
2852,train_data/2853.png,7,3,5,2
2853,train_data/2854.png,8,1,8,0
2854,train_data/2855.png,10,1,9,1
2855,train_data/2856.png,8,2,8,0
2856,train_data/2857.png,8,3,4,4
2857,train_data/2858.png,4,1,4,0
2858,train_data/2859.png,6,3,5,1
2859,train_data/2860.png,9,3,7,2
2860,train_data/2861.png,9,2,9,0
2861,train_data/2862.png,2,3,1,1
2862,train_data/2863.png,2,1,2,0
2863,train_data/2864.png,5,1,5,0
2864,train_data/2865.png,10,1,9,1
2865,train_data/2866.png,1,3,2,-1
2866,train_data/2867.png,10,1,9,1
2867,train_data/2868.png,5,2,5,0
2868,train_data/2869.png,5,1,5,0
2869,train_data/2870.png,6,3,5,1
2870,train_data/2871.png,8,3,8,0
2871,train_data/2872.png,4,2,4,0
2872,train_data/2873.png,2,1,2,0
2873,train_data/2874.png,10,3,7,3
2874,train_data/2875.png,0,3,0,0
2875,train_data/2876.png,7,2,7,0
2876,train_data/2877.png,1,3,1,0
2877,train_data/2878.png,3,1,3,0
2878,train_data/2879.png,10,3,5,5
2879,train_data/2880.png,9,2,8,1
2880,train_data/2881.png,4,2,4,0
2881,train_data/2882.png,4,3,3,1
2882,train_data/2883.png,1,1,1,0
2883,train_data/2884.png,6,2,5,1
2884,train_data/2885.png,8,1,7,1
2885,train_data/2886.png,1,3,0,1
2886,train_data/2887.png,5,2,5,0
2887,train_data/2888.png,9,2,9,0
2888,train_data/2889.png,1,2,1,0
2889,train_data/2890.png,3,3,3,0
2890,train_data/2891.png,4,1,4,0
2891,train_data/2892.png,7,2,7,0
2892,train_data/2893.png,0,3,0,0
2893,train_data/2894.png,10,3,7,3
2894,train_data/2895.png,0,3,0,0
2895,train_data/2896.png,5,1,4,1
2896,train_data/2897.png,7,1,7,0
2897,train_data/2898.png,6,2,6,0
2898,train_data/2899.png,4,2,4,0
2899,train_data/2900.png,3,1,3,0
2900,train_data/2901.png,6,2,4,2
2901,train_data/2902.png,8,1,8,0
2902,train_data/2903.png,6,2,4,2
2903,train_data/2904.png,3,3,3,0
2904,train_data/2905.png,9,3,7,2
2905,train_data/2906.png,10,2,8,2
2906,train_data/2907.png,2,3,2,0
2907,train_data/2908.png,8,2,8,0
2908,train_data/2909.png,9,2,9,0
2909,train_data/2910.png,7,3,6,1
2910,train_data/2911.png,1,2,2,-1
2911,train_data/2912.png,10,2,10,0
2912,train_data/2913.png,1,2,1,0
2913,train_data/2914.png,7,2,7,0
2914,train_data/2915.png,7,2,5,2
2915,train_data/2916.png,10,1,10,0
2916,train_data/2917.png,7,3,5,2
2917,train_data/2918.png,7,3,3,4
2918,train_data/2919.png,6,2,5,1
2919,train_data/2920.png,6,1,6,0
2920,train_data/2921.png,10,2,8,2
2921,train_data/2922.png,9,1,9,0
2922,train_data/2923.png,7,3,7,0
2923,train_data/2924.png,6,3,5,1
2924,train_data/2925.png,8,1,7,1
2925,train_data/2926.png,5,2,5,0
2926,train_data/2927.png,4,3,4,0
2927,train_data/2928.png,4,1,4,0
2928,train_data/2929.png,4,3,4,0
2929,train_data/2930.png,5,3,5,0
2930,train_data/2931.png,3,2,3,0
2931,train_data/2932.png,8,1,8,0
2932,train_data/2933.png,9,2,9,0
2933,train_data/2934.png,4,3,4,0
2934,train_data/2935.png,3,2,3,0
2935,train_data/2936.png,10,3,5,5
2936,train_data/2937.png,2,1,2,0
2937,train_data/2938.png,10,3,6,4
2938,train_data/2939.png,9,1,8,1
2939,train_data/2940.png,8,3,7,1
2940,train_data/2941.png,1,1,1,0
2941,train_data/2942.png,4,2,4,0
2942,train_data/2943.png,2,3,1,1
2943,train_data/2944.png,9,3,9,0
2944,train_data/2945.png,2,2,2,0
2945,train_data/2946.png,10,1,10,0
2946,train_data/2947.png,5,3,3,2
2947,train_data/2948.png,4,1,4,0
2948,train_data/2949.png,4,2,3,1
2949,train_data/2950.png,5,3,3,2
2950,train_data/2951.png,4,1,4,0
2951,train_data/2952.png,4,3,4,0
2952,train_data/2953.png,4,3,2,2
2953,train_data/2954.png,1,3,1,0
2954,train_data/2955.png,5,1,5,0
2955,train_data/2956.png,3,1,3,0
2956,train_data/2957.png,6,2,7,-1
2957,train_data/2958.png,9,2,9,0
2958,train_data/2959.png,8,2,7,1
2959,train_data/2960.png,1,3,1,0
2960,train_data/2961.png,6,2,6,0
2961,train_data/2962.png,5,1,5,0
2962,train_data/2963.png,3,1,3,0
2963,train_data/2964.png,1,1,1,0
2964,train_data/2965.png,9,3,7,2
2965,train_data/2966.png,6,2,6,0
2966,train_data/2967.png,3,1,3,0
2967,train_data/2968.png,8,2,7,1
2968,train_data/2969.png,1,3,2,-1
2969,train_data/2970.png,9,3,8,1
2970,train_data/2971.png,6,1,6,0
2971,train_data/2972.png,2,1,2,0
2972,train_data/2973.png,8,3,4,4
2973,train_data/2974.png,4,1,4,0
2974,train_data/2975.png,9,1,8,1
2975,train_data/2976.png,1,3,1,0
2976,train_data/2977.png,7,2,5,2
2977,train_data/2978.png,9,3,8,1
2978,train_data/2979.png,5,2,5,0
2979,train_data/2980.png,2,3,2,0
2980,train_data/2981.png,9,1,9,0
2981,train_data/2982.png,3,2,3,0
2982,train_data/2983.png,3,1,3,0
2983,train_data/2984.png,7,1,7,0
2984,train_data/2985.png,0,2,0,0
2985,train_data/2986.png,6,2,6,0
2986,train_data/2987.png,3,3,3,0
2987,train_data/2988.png,10,1,10,0
2988,train_data/2989.png,7,1,7,0
2989,train_data/2990.png,7,3,5,2
2990,train_data/2991.png,8,2,9,-1
2991,train_data/2992.png,4,2,5,-1
2992,train_data/2993.png,8,2,7,1
2993,train_data/2994.png,3,1,3,0
2994,train_data/2995.png,8,2,8,0
2995,train_data/2996.png,10,1,10,0
2996,train_data/2997.png,2,1,2,0
2997,train_data/2998.png,7,1,7,0
2998,train_data/2999.png,7,3,6,1
2999,train_data/3000.png,1,2,1,0
